Packet,Highest Layer,Transport Layer,Source IP,Dest IP,Source Port,Dest Port,Time,Packet Length,Packets/Time,target
1,TCP,TCP,31.205.250.227,10.1.27.135,80,50181,19:26.6,1456,1.038176071,0
2,TCP,TCP,10.1.27.135,31.205.250.227,50181,80,19:26.6,54,2.07199641,0
3,TCP,TCP,31.205.250.227,10.1.27.135,80,50184,19:26.6,1456,3.103158101,0
4,TCP,TCP,31.205.250.227,10.1.27.135,80,50184,19:26.6,1456,4.128972303,0
5,TCP,TCP,10.1.27.135,31.205.250.227,50184,80,19:26.6,54,5.15322927,0
6,TCP,TCP,31.205.250.227,10.1.27.135,80,50179,19:26.6,1456,6.174422901,0
7,TCP,TCP,31.205.250.227,10.1.27.135,80,50179,19:26.6,1456,7.188519573,0
8,TCP,TCP,10.1.27.135,31.205.250.227,50179,80,19:26.6,54,8.202944603,0
9,TCP,TCP,31.205.250.227,10.1.27.135,80,50180,19:26.6,1456,9.20876743,0
10,TCP,TCP,31.205.250.227,10.1.27.135,80,50180,19:26.6,1456,10.21093026,0
11,TCP,TCP,10.1.27.135,31.205.250.227,50180,80,19:26.6,54,11.22070059,0
12,TCP,TCP,31.205.250.227,10.1.27.135,80,50182,19:26.6,1456,12.21544693,0
13,TCP,TCP,10.1.27.135,31.205.250.227,50182,80,19:26.6,66,13.22025863,0
14,TCP,TCP,31.205.250.227,10.1.27.135,80,50181,19:26.6,1456,14.20785527,0
15,TCP,TCP,31.205.250.227,10.1.27.135,80,50181,19:26.6,1456,15.19207124,0
16,TCP,TCP,10.1.27.135,31.205.250.227,50181,80,19:26.6,54,16.17167179,0
17,TCP,TCP,31.205.250.227,10.1.27.135,80,50183,19:26.6,1456,17.14817336,0
18,TCP,TCP,10.1.27.135,31.205.250.227,50183,80,19:26.6,66,18.13803192,0
19,TCP,TCP,31.205.250.227,10.1.27.135,80,50183,19:26.6,1456,19.10729192,0
20,TCP,TCP,10.1.27.135,31.205.250.227,50183,80,19:26.6,66,20.07244027,0
21,TCP,TCP,31.205.250.227,10.1.27.135,80,50184,19:26.6,1456,21.03410648,0
22,TCP,TCP,31.205.250.227,10.1.27.135,80,50184,19:26.6,1456,21.99154273,0
23,TCP,TCP,10.1.27.135,31.205.250.227,50184,80,19:26.6,54,22.94448646,0
24,TCP,TCP,31.205.250.227,10.1.27.135,80,50179,19:26.6,1456,23.89483956,0
25,TCP,TCP,31.205.250.227,10.1.27.135,80,50179,19:26.6,1456,24.84067938,0
26,TCP,TCP,10.1.27.135,31.205.250.227,50179,80,19:26.6,54,25.7832922,0
27,TCP,TCP,31.205.250.227,10.1.27.135,80,50178,19:26.6,1456,26.72174196,0
28,TCP,TCP,10.1.27.135,31.205.250.227,50178,80,19:26.6,54,27.68400021,0
29,TCP,TCP,31.205.250.227,10.1.27.135,80,50178,19:26.6,1456,28.6160178,0
30,TCP,TCP,31.205.250.227,10.1.27.135,80,50180,19:26.6,1456,29.54401685,0
31,TCP,TCP,31.205.250.227,10.1.27.135,80,50180,19:26.6,1456,30.46877466,0
32,TCP,TCP,10.1.27.135,31.205.250.227,50180,80,19:26.6,54,31.38995345,0
33,TCP,TCP,31.205.250.227,10.1.27.135,80,50182,19:26.6,1456,32.33899536,0
34,TCP,TCP,10.1.27.135,31.205.250.227,50182,80,19:26.6,66,33.25307309,0
35,TCP,TCP,31.205.250.227,10.1.27.135,80,50182,19:26.6,1456,34.16395602,0
36,TCP,TCP,10.1.27.135,31.205.250.227,50182,80,19:26.6,66,35.07220913,0
37,TCP,TCP,31.205.250.227,10.1.27.135,80,50181,19:26.6,1456,36.01128122,0
38,TCP,TCP,31.205.250.227,10.1.27.135,80,50181,19:26.6,1456,36.91154904,0
39,TCP,TCP,10.1.27.135,31.205.250.227,50181,80,19:26.6,54,37.80976387,0
40,TCP,TCP,31.205.250.227,10.1.27.135,80,50177,19:26.6,1456,38.70448124,0
41,TCP,TCP,10.1.27.135,31.205.250.227,50177,80,19:26.6,66,39.59521744,0
42,TCP,TCP,31.205.250.227,10.1.27.135,80,50177,19:26.6,1456,40.5208172,0
43,TCP,TCP,10.1.27.135,31.205.250.227,50177,80,19:26.6,66,41.40646993,0
44,TCP,TCP,31.205.250.227,10.1.27.135,80,50183,19:26.6,1456,42.28728735,0
45,TCP,TCP,10.1.27.135,31.205.250.227,50183,80,19:26.6,66,43.20716647,0
46,TCP,TCP,31.205.250.227,10.1.27.135,80,50184,19:26.6,1456,44.0806144,0
47,TCP,TCP,31.205.250.227,10.1.27.135,80,50184,19:26.6,1456,44.9544117,0
48,TCP,TCP,10.1.27.135,31.205.250.227,50184,80,19:26.6,54,45.82299728,0
49,TCP,TCP,31.205.250.227,10.1.27.135,80,50183,19:26.6,1456,46.6882636,0
50,TCP,TCP,10.1.27.135,31.205.250.227,50183,80,19:26.6,66,47.59516584,0
51,TCP,TCP,31.205.250.227,10.1.27.135,80,50179,19:26.6,1456,48.45398209,0
52,TCP,TCP,31.205.250.227,10.1.27.135,80,50179,19:26.6,1456,49.35808632,0
53,TCP,TCP,10.1.27.135,31.205.250.227,50179,80,19:26.6,54,50.2111148,0
54,TCP,TCP,31.205.250.227,10.1.27.135,80,50180,19:26.6,1456,51.06210848,0
55,TCP,TCP,31.205.250.227,10.1.27.135,80,50180,19:26.6,1456,51.90928246,0
56,TCP,TCP,10.1.27.135,31.205.250.227,50180,80,19:26.6,54,52.77806592,0
57,TCP,TCP,31.205.250.227,10.1.27.135,80,50178,19:26.6,1456,53.64445873,0
58,TCP,TCP,10.1.27.135,31.205.250.227,50178,80,19:26.6,54,54.48193529,0
59,TCP,TCP,31.205.250.227,10.1.27.135,80,50178,19:26.6,1456,55.34394869,0
60,TCP,TCP,31.205.250.227,10.1.27.135,80,50177,19:26.6,1456,56.20131314,0
61,TCP,TCP,10.1.27.135,31.205.250.227,50177,80,19:26.6,66,57.0323,0
62,TCP,TCP,31.205.250.227,10.1.27.135,80,50177,19:26.6,1456,57.8588019,0
63,TCP,TCP,10.1.27.135,31.205.250.227,50177,80,19:26.6,66,58.70954477,0
64,TCP,TCP,31.205.250.227,10.1.27.135,80,50182,19:26.6,1456,59.55670196,0
65,TCP,TCP,10.1.27.135,31.205.250.227,50182,80,19:26.6,66,60.37450251,0
66,TCP,TCP,31.205.250.227,10.1.27.135,80,50181,19:26.6,1456,61.24629446,0
67,TCP,TCP,31.205.250.227,10.1.27.135,80,50181,19:26.6,1456,62.05982485,0
68,TCP,TCP,10.1.27.135,31.205.250.227,50181,80,19:26.6,54,62.92798772,0
69,TCP,TCP,31.205.250.227,10.1.27.135,80,50183,19:26.6,1456,63.73349383,0
70,TCP,TCP,10.1.27.135,31.205.250.227,50183,80,19:26.6,66,64.53762598,0
71,TCP,TCP,31.205.250.227,10.1.27.135,80,50183,19:26.6,1456,65.40076549,0
72,TCP,TCP,10.1.27.135,31.205.250.227,50183,80,19:26.6,66,66.19966312,0
73,TCP,TCP,31.205.250.227,10.1.27.135,80,50180,19:26.6,1456,66.99406737,0
74,TCP,TCP,31.205.250.227,10.1.27.135,80,50180,19:26.6,1456,67.78686456,0
75,TCP,TCP,10.1.27.135,31.205.250.227,50180,80,19:26.6,54,68.64121412,0
76,TCP,TCP,31.205.250.227,10.1.27.135,80,50184,19:26.6,1456,69.42938403,0
77,TCP,TCP,31.205.250.227,10.1.27.135,80,50184,19:26.6,1456,70.21254289,0
78,TCP,TCP,10.1.27.135,31.205.250.227,50184,80,19:26.6,54,71.0611928,0
79,TCP,TCP,31.205.250.227,10.1.27.135,80,50178,19:26.6,1456,71.83931756,0
80,TCP,TCP,10.1.27.135,31.205.250.227,50178,80,19:26.6,54,72.68408197,0
81,TCP,TCP,31.205.250.227,10.1.27.135,80,50178,19:26.6,1456,73.45717449,0
82,TCP,TCP,31.205.250.227,10.1.27.135,80,50181,19:26.6,1456,74.23071044,0
83,HTTP,TCP,31.205.250.227,10.1.27.135,80,50181,19:26.6,1456,74.99976453,0
84,TCP,TCP,10.1.27.135,31.205.250.227,50181,80,19:26.6,54,75.7661333,0
85,DNS,UDP,10.1.27.254,10.1.27.135,53,52498,19:26.6,82,76.59882797,0
86,TCP,TCP,31.205.250.227,10.1.27.135,80,50179,19:26.6,1456,77.35849798,0
87,TCP,TCP,31.205.250.227,10.1.27.135,80,50179,19:26.6,1456,78.11825877,0
88,TCP,TCP,10.1.27.135,31.205.250.227,50179,80,19:26.6,54,78.87470398,0
89,TCP,TCP,31.205.250.227,10.1.27.135,80,50177,19:26.6,1456,79.62781697,0
90,TCP,TCP,10.1.27.135,31.205.250.227,50177,80,19:26.6,66,80.37643408,0
91,TCP,TCP,31.205.250.227,10.1.27.135,80,50177,19:26.6,1456,81.1260988,0
92,TCP,TCP,10.1.27.135,31.205.250.227,50177,80,19:26.6,66,81.87129854,0
93,TCP,TCP,31.205.250.227,10.1.27.135,80,50183,19:26.6,1456,82.68739726,0
94,TCP,TCP,10.1.27.135,31.205.250.227,50183,80,19:26.6,66,83.42580033,0
95,TCP,TCP,31.205.250.227,10.1.27.135,80,50183,19:26.6,1456,84.16549171,0
96,TCP,TCP,10.1.27.135,31.205.250.227,50183,80,19:26.6,66,84.97598553,0
97,TCP,TCP,31.205.250.227,10.1.27.135,80,50182,19:26.6,1456,85.70677464,0
98,TCP,TCP,10.1.27.135,31.205.250.227,50182,80,19:26.6,74,86.43719441,0
99,TCP,TCP,31.205.250.227,10.1.27.135,80,50182,19:26.6,1456,87.24427977,0
100,TCP,TCP,10.1.27.135,31.205.250.227,50182,80,19:26.6,74,87.9700546,0
101,TCP,TCP,31.205.250.227,10.1.27.135,80,50184,19:26.6,1456,88.69329153,0
102,TCP,TCP,31.205.250.227,10.1.27.135,80,50184,19:26.6,1456,89.41402308,0
103,TCP,TCP,10.1.27.135,31.205.250.227,50184,80,19:26.6,54,90.20937159,0
104,TCP,TCP,31.205.250.227,10.1.27.135,80,50178,19:26.6,1456,90.92746816,0
105,TCP,TCP,10.1.27.135,31.205.250.227,50178,80,19:26.6,54,91.72001774,0
106,TCP,TCP,31.205.250.227,10.1.27.135,80,50178,19:26.6,1456,92.4330118,0
107,TCP,TCP,31.205.250.227,10.1.27.135,80,50180,19:26.6,1456,93.14021302,0
108,TCP,TCP,31.205.250.227,10.1.27.135,80,50180,19:26.6,1456,93.92871173,0
109,TCP,TCP,10.1.27.135,31.205.250.227,50180,80,19:26.6,54,94.63335581,0
110,TCP,TCP,31.205.250.227,10.1.27.135,80,50181,19:26.6,1456,95.42047195,0
111,TCP,TCP,31.205.250.227,10.1.27.135,80,50181,19:26.6,1456,96.12070426,0
112,TCP,TCP,10.1.27.135,31.205.250.227,50181,80,19:26.6,54,96.81856841,0
113,TCP,TCP,31.205.250.227,10.1.27.135,80,50179,19:26.6,1456,97.51397767,0
114,TCP,TCP,31.205.250.227,10.1.27.135,80,50179,19:26.6,1456,98.20641948,0
115,TCP,TCP,10.1.27.135,31.205.250.227,50179,80,19:26.6,54,98.93959278,0
116,TCP,TCP,31.205.250.227,10.1.27.135,80,50177,19:26.6,1456,99.66866459,0
117,TCP,TCP,10.1.27.135,31.205.250.227,50177,80,19:26.6,66,100.3979365,0
118,TCP,TCP,31.205.250.227,10.1.27.135,80,50177,19:26.6,1456,101.0847406,0
119,TCP,TCP,10.1.27.135,31.205.250.227,50177,80,19:26.6,66,101.7664858,0
120,TCP,TCP,31.205.250.227,10.1.27.135,80,50183,19:26.6,1456,102.4873453,0
121,TCP,TCP,10.1.27.135,31.205.250.227,50183,80,19:26.6,66,103.2087758,0
122,TCP,TCP,31.205.250.227,10.1.27.135,80,50183,19:26.6,1456,103.8867063,0
123,TCP,TCP,10.1.27.135,31.205.250.227,50183,80,19:26.6,66,104.6487916,0
124,TCP,TCP,31.205.250.227,10.1.27.135,80,50184,19:26.6,1456,105.2997741,0
125,TCP,TCP,31.205.250.227,10.1.27.135,80,50184,19:26.6,1456,106.0586077,0
126,TCP,TCP,10.1.27.135,31.205.250.227,50184,80,19:26.6,54,106.7255944,0
127,TCP,TCP,31.205.250.227,10.1.27.135,80,50182,19:26.6,1456,107.4813076,0
128,TCP,TCP,10.1.27.135,31.205.250.227,50182,80,19:26.6,74,108.141446,0
129,TCP,TCP,31.205.250.227,10.1.27.135,80,50182,19:26.6,1456,108.8046139,0
130,TCP,TCP,10.1.27.135,31.205.250.227,50182,80,19:26.6,74,109.5529554,0
131,TCP,TCP,31.205.250.227,10.1.27.135,80,50178,19:26.6,1456,110.2119444,0
132,TCP,TCP,10.1.27.135,31.205.250.227,50178,80,19:26.6,54,110.9596005,0
133,TCP,TCP,31.205.250.227,10.1.27.135,80,50178,19:26.6,1456,111.6121044,0
134,TCP,TCP,31.205.250.227,10.1.27.135,80,50180,19:26.6,1456,112.262394,0
135,TCP,TCP,31.205.250.227,10.1.27.135,80,50180,19:26.6,1456,113.0052131,0
136,TCP,TCP,10.1.27.135,31.205.250.227,50180,80,19:26.6,54,113.6496542,0
137,TCP,TCP,31.205.250.227,10.1.27.135,80,50181,19:26.6,1456,114.3913464,0
138,TCP,TCP,31.205.250.227,10.1.27.135,80,50181,19:26.6,1456,115.033661,0
139,TCP,TCP,10.1.27.135,31.205.250.227,50181,80,19:26.6,54,115.6711003,0
140,TCP,TCP,31.205.250.227,10.1.27.135,80,50179,19:26.6,1456,116.4089887,0
141,TCP,TCP,31.205.250.227,10.1.27.135,80,50179,19:26.6,1456,117.0425375,0
142,TCP,TCP,10.1.27.135,31.205.250.227,50179,80,19:26.6,54,117.7773852,0
143,TCP,TCP,31.205.250.227,10.1.27.135,80,50177,19:26.6,1456,118.4098331,0
144,TCP,TCP,10.1.27.135,31.205.250.227,50177,80,19:26.6,66,119.0401839,0
145,TCP,TCP,31.205.250.227,10.1.27.135,80,50177,19:26.6,1456,119.7673555,0
146,TCP,TCP,10.1.27.135,31.205.250.227,50177,80,19:26.6,66,120.3941804,0
147,TCP,TCP,31.205.250.227,10.1.27.135,80,50183,19:26.6,1456,121.0187245,0
148,TCP,TCP,10.1.27.135,31.205.250.227,50183,80,19:26.6,66,121.6391367,0
149,TCP,TCP,31.205.250.227,10.1.27.135,80,50183,19:26.6,1456,122.2587541,0
150,TCP,TCP,10.1.27.135,31.205.250.227,50183,80,19:26.6,66,122.87988,0
151,TCP,TCP,31.205.250.227,10.1.27.135,80,50184,19:26.6,1456,123.493458,0
152,TCP,TCP,31.205.250.227,10.1.27.135,80,50184,19:26.6,1456,124.1104837,0
153,TCP,TCP,10.1.27.135,31.205.250.227,50184,80,19:26.6,54,124.8248187,0
154,TCP,TCP,31.205.250.227,10.1.27.135,80,50182,19:26.6,1456,125.432988,0
155,TCP,TCP,10.1.27.135,31.205.250.227,50182,80,19:26.6,74,126.0423267,0
156,TCP,TCP,31.205.250.227,10.1.27.135,80,50182,19:26.6,1456,126.6507178,0
157,TCP,TCP,10.1.27.135,31.205.250.227,50182,80,19:26.6,74,127.2554264,0
158,TCP,TCP,31.205.250.227,10.1.27.135,80,50181,19:26.6,1456,127.9620366,0
159,TCP,TCP,31.205.250.227,10.1.27.135,80,50181,19:26.6,1456,128.5630992,0
160,TCP,TCP,10.1.27.135,31.205.250.227,50181,80,19:26.6,54,129.1621907,0
161,TCP,TCP,31.205.250.227,10.1.27.135,80,50180,19:26.6,1456,129.8642524,0
162,TCP,TCP,31.205.250.227,10.1.27.135,80,50180,19:26.6,1456,130.4572103,0
163,TCP,TCP,10.1.27.135,31.205.250.227,50180,80,19:26.6,54,131.0536083,0
164,TCP,TCP,31.205.250.227,10.1.27.135,80,50182,19:26.6,1456,131.7514438,0
165,TCP,TCP,10.1.27.135,31.205.250.227,50182,80,19:26.6,74,132.3416274,0
166,TCP,TCP,31.205.250.227,10.1.27.135,80,50182,19:26.6,1456,132.929865,0
167,TCP,TCP,10.1.27.135,31.205.250.227,50182,80,19:26.6,74,133.6233712,0
168,TCP,TCP,31.205.250.227,10.1.27.135,80,50177,19:26.6,1456,134.2073493,0
169,TCP,TCP,10.1.27.135,31.205.250.227,50177,80,19:26.6,66,134.8989084,0
170,TCP,TCP,31.205.250.227,10.1.27.135,80,50177,19:26.6,1456,135.4771491,0
171,TCP,TCP,10.1.27.135,31.205.250.227,50177,80,19:26.6,66,136.0597898,0
172,TCP,TCP,31.205.250.227,10.1.27.135,80,50184,19:26.6,1456,136.7463784,0
173,TCP,TCP,31.205.250.227,10.1.27.135,80,50184,19:26.6,1456,137.3224277,0
174,TCP,TCP,10.1.27.135,31.205.250.227,50184,80,19:26.6,54,137.8964112,0
175,TCP,TCP,31.205.250.227,10.1.27.135,80,50178,19:26.6,1456,138.5238405,0
176,TCP,TCP,10.1.27.135,31.205.250.227,50178,80,19:26.6,54,139.1468141,0
177,TCP,TCP,31.205.250.227,10.1.27.135,80,50178,19:26.6,1456,139.7742553,0
178,TCP,TCP,31.205.250.227,10.1.27.135,80,50181,19:26.7,1456,140.3416708,0
179,TCP,TCP,31.205.250.227,10.1.27.135,80,50181,19:26.7,1456,140.959359,0
180,TCP,TCP,10.1.27.135,31.205.250.227,50181,80,19:26.7,54,141.5826963,0
181,TCP,TCP,31.205.250.227,10.1.27.135,80,50180,19:26.7,1456,142.1982788,0
182,TCP,TCP,31.205.250.227,10.1.27.135,80,50180,19:26.7,1456,142.8157777,0
183,TCP,TCP,10.1.27.135,31.205.250.227,50180,80,19:26.7,54,143.4334343,0
184,TCP,TCP,31.205.250.227,10.1.27.135,80,50178,19:26.7,1456,144.1038269,0
185,TCP,TCP,10.1.27.135,31.205.250.227,50178,80,19:26.7,54,144.6596999,0
186,TCP,TCP,31.205.250.227,10.1.27.135,80,50184,19:26.7,1456,145.210615,0
187,TCP,TCP,31.205.250.227,10.1.27.135,80,50184,19:26.7,1456,145.8804774,0
188,TCP,TCP,10.1.27.135,31.205.250.227,50184,80,19:26.7,54,146.4315662,0
189,TCP,TCP,31.205.250.227,10.1.27.135,80,50183,19:26.7,1456,147.0955666,0
190,TCP,TCP,10.1.27.135,31.205.250.227,50183,80,19:26.7,66,147.6434744,0
191,TCP,TCP,31.205.250.227,10.1.27.135,80,50183,19:26.7,1456,148.1895407,0
192,TCP,TCP,10.1.27.135,31.205.250.227,50183,80,19:26.7,66,148.8494008,0
193,TCP,TCP,31.205.250.227,10.1.27.135,80,50181,19:26.7,1456,149.3925977,0
194,TCP,TCP,31.205.250.227,10.1.27.135,80,50181,19:26.7,1456,150.0502093,0
195,TCP,TCP,10.1.27.135,31.205.250.227,50181,80,19:26.7,54,150.4735647,0
196,TCP,TCP,31.205.250.227,10.1.27.135,80,50177,19:26.7,1456,151.1282792,0
197,TCP,TCP,10.1.27.135,31.205.250.227,50177,80,19:26.7,66,151.6649149,0
198,TCP,TCP,31.205.250.227,10.1.27.135,80,50177,19:26.7,1456,152.3171957,0
199,TCP,TCP,10.1.27.135,31.205.250.227,50177,80,19:26.7,66,152.8506772,0
200,TCP,TCP,31.205.250.227,10.1.27.135,80,50179,19:26.7,1456,153.3825177,0
201,TCP,TCP,31.205.250.227,10.1.27.135,80,50179,19:26.7,1456,153.9127812,0
202,TCP,TCP,10.1.27.135,31.205.250.227,50179,80,19:26.7,54,154.5598062,0
203,TCP,TCP,31.205.250.227,10.1.27.135,80,50182,19:26.7,1456,155.085466,0
204,TCP,TCP,10.1.27.135,31.205.250.227,50182,80,19:26.7,74,155.6125638,0
205,TCP,TCP,31.205.250.227,10.1.27.135,80,50182,19:26.7,1456,156.136559,0
206,TCP,TCP,10.1.27.135,31.205.250.227,50182,80,19:26.7,74,156.7784872,0
207,TCP,TCP,31.205.250.227,10.1.27.135,80,50178,19:26.7,1456,157.2994228,0
208,TCP,TCP,31.205.250.227,10.1.27.135,80,50178,19:26.7,1456,157.818887,0
209,TCP,TCP,10.1.27.135,31.205.250.227,50178,80,19:26.7,54,158.3366302,0
210,TCP,TCP,31.205.250.227,10.1.27.135,80,50180,19:26.7,1456,158.8529453,0
211,TCP,TCP,31.205.250.227,10.1.27.135,80,50180,19:26.7,1456,159.3676107,0
212,TCP,TCP,10.1.27.135,31.205.250.227,50180,80,19:26.7,54,159.8807767,0
213,TCP,TCP,31.205.250.227,10.1.27.135,80,50181,19:26.7,1456,160.5135706,0
214,TCP,TCP,31.205.250.227,10.1.27.135,80,50181,19:26.7,1456,161.0237885,0
215,TCP,TCP,10.1.27.135,31.205.250.227,50181,80,19:26.7,54,161.6543185,0
216,DNS,UDP,10.1.27.135,10.1.27.254,62002,53,19:26.7,82,162.1616666,0
217,TCP,TCP,31.205.250.227,10.1.27.135,80,50179,19:26.7,1456,162.7898892,0
218,TCP,TCP,31.205.250.227,10.1.27.135,80,50179,19:26.7,1456,163.294359,0
219,TCP,TCP,10.1.27.135,31.205.250.227,50179,80,19:26.7,54,163.7970816,0
220,TCP,TCP,31.205.250.227,10.1.27.135,80,50183,19:26.7,1456,164.2972727,0
221,TCP,TCP,10.1.27.135,31.205.250.227,50183,80,19:26.7,66,164.9221852,0
222,TCP,TCP,31.205.250.227,10.1.27.135,80,50183,19:26.7,1456,165.4209471,0
223,TCP,TCP,10.1.27.135,31.205.250.227,50183,80,19:26.7,66,165.9181916,0
224,TCP,TCP,31.205.250.227,10.1.27.135,80,50184,19:26.7,1456,166.537965,0
225,TCP,TCP,31.205.250.227,10.1.27.135,80,50184,19:26.7,1456,167.0324069,0
226,TCP,TCP,10.1.27.135,31.205.250.227,50184,80,19:26.7,54,167.6500277,0
227,TCP,TCP,31.205.250.227,10.1.27.135,80,50177,19:26.7,1456,168.1416568,0
228,TCP,TCP,10.1.27.135,31.205.250.227,50177,80,19:26.7,66,168.6318868,0
229,TCP,TCP,31.205.250.227,10.1.27.135,80,50177,19:26.7,1456,169.1206944,0
230,TCP,TCP,10.1.27.135,31.205.250.227,50177,80,19:26.7,66,169.607997,0
231,TCP,TCP,31.205.250.227,10.1.27.135,80,50182,19:26.7,1456,170.0939199,0
232,TCP,TCP,10.1.27.135,31.205.250.227,50182,80,19:26.7,74,170.7041809,0
233,TCP,TCP,31.205.250.227,10.1.27.135,80,50182,19:26.7,1456,171.1872051,0
234,TCP,TCP,10.1.27.135,31.205.250.227,50182,80,19:26.7,74,171.6689573,0
235,TCP,TCP,31.205.250.227,10.1.27.135,80,50180,19:26.7,1456,172.2126372,0
236,TCP,TCP,31.205.250.227,10.1.27.135,80,50180,19:26.7,1456,172.818459,0
237,TCP,TCP,10.1.27.135,31.205.250.227,50180,80,19:26.7,54,173.3597873,0
238,TCP,TCP,31.205.250.227,10.1.27.135,80,50184,19:26.7,1456,173.8999258,0
239,TCP,TCP,31.205.250.227,10.1.27.135,80,50184,19:26.7,1456,174.4389389,0
240,TCP,TCP,10.1.27.135,31.205.250.227,50184,80,19:26.7,54,174.9128002,0
241,TCP,TCP,31.205.250.227,10.1.27.135,80,50179,19:26.7,1456,175.4492971,0
242,TCP,TCP,31.205.250.227,10.1.27.135,80,50179,19:26.7,1456,175.983461,0
243,TCP,TCP,10.1.27.135,31.205.250.227,50179,80,19:26.7,54,176.5830588,0
244,TCP,TCP,31.205.250.227,10.1.27.135,80,50183,19:26.7,1456,177.0514865,0
245,TCP,TCP,10.1.27.135,31.205.250.227,50183,80,19:26.7,66,177.5188276,0
246,TCP,TCP,31.205.250.227,10.1.27.135,80,50183,19:26.7,1456,177.9847514,0
247,TCP,TCP,10.1.27.135,31.205.250.227,50183,80,19:26.7,66,178.577132,0
248,TCP,TCP,31.205.250.227,10.1.27.135,80,50178,19:26.7,1456,179.04211,0
249,TCP,TCP,31.205.250.227,10.1.27.135,80,50178,19:26.7,1456,179.6340376,0
250,TCP,TCP,10.1.27.135,31.205.250.227,50178,80,19:26.7,54,180.094917,0
251,TCP,TCP,31.205.250.227,10.1.27.135,80,50181,19:26.7,1456,180.684679,0
252,TCP,TCP,31.205.250.227,10.1.27.135,80,50181,19:26.7,1456,181.1432024,0
253,TCP,TCP,10.1.27.135,31.205.250.227,50181,80,19:26.7,54,181.7309658,0
254,TCP,TCP,31.205.250.227,10.1.27.135,80,50177,19:26.7,1456,182.1868713,0
255,TCP,TCP,10.1.27.135,31.205.250.227,50177,80,19:26.7,66,182.641405,0
256,TCP,TCP,31.205.250.227,10.1.27.135,80,50177,19:26.7,1456,183.2260459,0
257,TCP,TCP,10.1.27.135,31.205.250.227,50177,80,19:26.7,66,183.5466286,0
258,TCP,TCP,31.205.250.227,10.1.27.135,80,50182,19:26.7,1456,184.1289482,0
259,TCP,TCP,10.1.27.135,31.205.250.227,50182,80,19:26.7,74,184.5784952,0
260,TCP,TCP,31.205.250.227,10.1.27.135,80,50182,19:26.7,1456,185.0267907,0
261,TCP,TCP,10.1.27.135,31.205.250.227,50182,80,19:26.7,74,185.6059475,0
262,TCP,TCP,31.205.250.227,10.1.27.135,80,50180,19:26.7,1456,186.0517911,0
263,TCP,TCP,31.205.250.227,10.1.27.135,80,50180,19:26.7,1456,186.628982,0
264,TCP,TCP,10.1.27.135,31.205.250.227,50180,80,19:26.7,54,187.0724218,0
265,TCP,TCP,31.205.250.227,10.1.27.135,80,50181,19:26.7,1456,187.5138123,0
266,TCP,TCP,31.205.250.227,10.1.27.135,80,50181,19:26.7,1456,188.0886789,0
267,TCP,TCP,10.1.27.135,31.205.250.227,50181,80,19:26.7,54,188.5285139,0
268,TCP,TCP,31.205.250.227,10.1.27.135,80,50184,19:26.7,1456,188.9670101,0
269,TCP,TCP,31.205.250.227,10.1.27.135,80,50184,19:26.7,1456,189.4042679,0
270,TCP,TCP,10.1.27.135,31.205.250.227,50184,80,19:26.7,54,189.97427,0
271,TCP,TCP,31.205.250.227,10.1.27.135,80,50179,19:26.7,1456,190.409248,0
272,TCP,TCP,31.205.250.227,10.1.27.135,80,50179,19:26.7,1456,190.8429383,0
273,TCP,TCP,10.1.27.135,31.205.250.227,50179,80,19:26.7,54,191.4099256,0
274,TCP,TCP,31.205.250.227,10.1.27.135,80,50178,19:26.7,1456,191.8413614,0
275,TCP,TCP,31.205.250.227,10.1.27.135,80,50183,19:26.7,1456,192.2715234,0
276,TCP,TCP,10.1.27.135,31.205.250.227,50183,80,19:26.7,66,192.69939,0
277,TCP,TCP,31.205.250.227,10.1.27.135,80,50178,19:26.7,1456,193.2627813,0
278,TCP,TCP,10.1.27.135,31.205.250.227,50178,80,19:26.7,54,193.6901609,0
279,TCP,TCP,31.205.250.227,10.1.27.135,80,50183,19:26.7,1456,194.2511384,0
280,TCP,TCP,10.1.27.135,31.205.250.227,50183,80,19:26.7,66,194.6753152,0
281,TCP,TCP,31.205.250.227,10.1.27.135,80,50177,19:26.7,1456,195.0988587,0
282,TCP,TCP,10.1.27.135,31.205.250.227,50177,80,19:26.7,66,195.5209025,0
283,TCP,TCP,31.205.250.227,10.1.27.135,80,50177,19:26.7,1456,195.9418389,0
284,TCP,TCP,10.1.27.135,31.205.250.227,50177,80,19:26.7,66,196.4977187,0
285,TCP,TCP,31.205.250.227,10.1.27.135,80,50180,19:26.7,1456,196.914513,0
286,TCP,TCP,31.205.250.227,10.1.27.135,80,50180,19:26.7,1456,197.3340089,0
287,TCP,TCP,10.1.27.135,31.205.250.227,50180,80,19:26.7,54,197.8870693,0
288,TCP,TCP,31.205.250.227,10.1.27.135,80,50184,19:26.7,1456,198.3024141,0
289,TCP,TCP,31.205.250.227,10.1.27.135,80,50184,19:26.7,1456,198.853629,0
290,TCP,TCP,10.1.27.135,31.205.250.227,50184,80,19:26.7,54,199.266653,0
291,TCP,TCP,31.205.250.227,10.1.27.135,80,50179,19:26.7,1456,199.678736,0
292,TCP,TCP,31.205.250.227,10.1.27.135,80,50179,19:26.7,1456,200.227142,0
293,TCP,TCP,10.1.27.135,31.205.250.227,50179,80,19:26.7,54,200.6369924,0
294,TCP,TCP,31.205.250.227,10.1.27.135,80,50182,19:26.7,1456,201.1144122,0
295,TCP,TCP,10.1.27.135,31.205.250.227,50182,80,19:26.7,74,201.5220315,0
296,TCP,TCP,31.205.250.227,10.1.27.135,80,50182,19:26.7,1456,201.9975953,0
297,TCP,TCP,10.1.27.135,31.205.250.227,50182,80,19:26.7,74,202.4030327,0
298,TCP,TCP,31.205.250.227,10.1.27.135,80,50183,19:26.7,1456,202.8765909,0
299,TCP,TCP,10.1.27.135,31.205.250.227,50183,80,19:26.7,66,203.3491805,0
300,TCP,TCP,31.205.250.227,10.1.27.135,80,50183,19:26.7,1456,203.7513636,0
301,TCP,TCP,10.1.27.135,31.205.250.227,50183,80,19:26.7,66,204.2219683,0
302,TCP,TCP,31.205.250.227,10.1.27.135,80,50178,19:26.7,1456,204.6220422,0
303,TCP,TCP,31.205.250.227,10.1.27.135,80,50178,19:26.7,1456,205.1057032,0
304,TCP,TCP,10.1.27.135,31.205.250.227,50178,80,19:26.7,54,205.5036925,0
305,TCP,TCP,31.205.250.227,10.1.27.135,80,50177,19:26.7,1456,205.9005713,0
306,TCP,TCP,10.1.27.135,31.205.250.227,50177,80,19:26.7,66,206.2963437,0
307,TCP,TCP,31.205.250.227,10.1.27.135,80,50177,19:26.7,1456,206.8307531,0
308,TCP,TCP,10.1.27.135,31.205.250.227,50177,80,19:26.7,66,207.2244363,0
309,TCP,TCP,31.205.250.227,10.1.27.135,80,50181,19:26.7,1456,207.6172246,0
310,TCP,TCP,31.205.250.227,10.1.27.135,80,50181,19:26.7,1456,208.0088231,0
311,TCP,TCP,10.1.27.135,31.205.250.227,50181,80,19:26.7,54,208.3993691,0
312,TCP,TCP,31.205.250.227,10.1.27.135,80,50180,19:26.7,1456,208.9291042,0
313,TCP,TCP,31.205.250.227,10.1.27.135,80,50180,19:26.7,1456,209.3176636,0
314,TCP,TCP,10.1.27.135,31.205.250.227,50180,80,19:26.7,54,209.8457187,0
315,TCP,TCP,31.205.250.227,10.1.27.135,80,50179,19:26.7,1456,210.2322713,0
316,TCP,TCP,31.205.250.227,10.1.27.135,80,50179,19:26.7,1456,210.7586219,0
317,TCP,TCP,10.1.27.135,31.205.250.227,50179,80,19:26.7,54,211.1431806,0
318,TCP,TCP,31.205.250.227,10.1.27.135,80,50184,19:26.7,1456,211.526378,0
319,TCP,TCP,31.205.250.227,10.1.27.135,80,50184,19:26.7,1456,212.0504807,0
320,TCP,TCP,10.1.27.135,31.205.250.227,50184,80,19:26.7,54,212.4320734,0
321,TCP,TCP,31.205.250.227,10.1.27.135,80,50183,19:26.7,1456,212.8125171,0
322,TCP,TCP,10.1.27.135,31.205.250.227,50183,80,19:26.7,66,213.1920848,0
323,TCP,TCP,31.205.250.227,10.1.27.135,80,50183,19:26.7,1456,213.712315,0
324,TCP,TCP,10.1.27.135,31.205.250.227,50183,80,19:26.7,66,214.0899362,0
325,TCP,TCP,31.205.250.227,10.1.27.135,80,50178,19:26.7,1456,214.4653771,0
326,TCP,TCP,31.205.250.227,10.1.27.135,80,50178,19:26.7,1456,214.8421509,0
327,TCP,TCP,10.1.27.135,31.205.250.227,50178,80,19:26.7,54,215.3588195,0
328,TCP,TCP,31.205.250.227,10.1.27.135,80,50182,19:26.7,1456,215.7325261,0
329,TCP,TCP,10.1.27.135,31.205.250.227,50182,80,19:26.7,74,216.1051806,0
330,TCP,TCP,31.205.250.227,10.1.27.135,80,50182,19:26.7,1456,216.4769223,0
331,TCP,TCP,10.1.27.135,31.205.250.227,50182,80,19:26.7,74,216.9901386,0
332,TCP,TCP,31.205.250.227,10.1.27.135,80,50182,19:26.7,1456,217.3599525,0
333,TCP,TCP,10.1.27.135,31.205.250.227,50182,80,19:26.7,74,217.7288645,0
334,TCP,TCP,31.205.250.227,10.1.27.135,80,50182,19:26.7,1456,218.2395792,0
335,TCP,TCP,10.1.27.135,31.205.250.227,50182,80,19:26.7,74,218.6065482,0
336,TCP,TCP,31.205.250.227,10.1.27.135,80,50177,19:26.7,1456,218.9725582,0
337,TCP,TCP,10.1.27.135,31.205.250.227,50177,80,19:26.7,66,219.4808609,0
338,TCP,TCP,31.205.250.227,10.1.27.135,80,50177,19:26.7,1456,219.8449802,0
339,TCP,TCP,10.1.27.135,31.205.250.227,50177,80,19:26.7,66,220.208185,0
340,TCP,TCP,31.205.250.227,10.1.27.135,80,50181,19:26.7,1456,220.5704788,0
341,TCP,TCP,31.205.250.227,10.1.27.135,80,50181,19:26.7,1456,221.07543,0
342,TCP,TCP,10.1.27.135,31.205.250.227,50181,80,19:26.7,54,221.4358582,0
343,TCP,TCP,31.205.250.227,10.1.27.135,80,50180,19:26.7,1456,221.9391968,0
344,TCP,TCP,31.205.250.227,10.1.27.135,80,50180,19:26.7,1456,222.2978393,0
345,TCP,TCP,10.1.27.135,31.205.250.227,50180,80,19:26.7,54,222.799676,0
346,TCP,TCP,31.205.250.227,10.1.27.135,80,50179,19:26.7,1456,223.156407,0
347,TCP,TCP,31.205.250.227,10.1.27.135,80,50179,19:26.7,1456,223.5123535,0
348,TCP,TCP,10.1.27.135,31.205.250.227,50179,80,19:26.7,54,224.0117523,0
349,TCP,TCP,31.205.250.227,10.1.27.135,80,50183,19:26.7,1456,224.3644293,0
350,TCP,TCP,10.1.27.135,31.205.250.227,50183,80,19:26.7,66,224.7191176,0
351,TCP,TCP,31.205.250.227,10.1.27.135,80,50183,19:26.7,1456,225.0695265,0
352,TCP,TCP,10.1.27.135,31.205.250.227,50183,80,19:26.7,66,225.4948078,0
353,TCP,TCP,31.205.250.227,10.1.27.135,80,50184,19:26.7,1456,225.9177248,0
354,TCP,TCP,31.205.250.227,10.1.27.135,80,50184,19:26.7,1456,226.2673605,0
355,TCP,TCP,10.1.27.135,31.205.250.227,50184,80,19:26.7,54,226.6886223,0
356,TCP,TCP,31.205.250.227,10.1.27.135,80,50178,19:26.7,1456,227.1090758,0
357,TCP,TCP,31.205.250.227,10.1.27.135,80,50178,19:26.7,1456,227.4560383,0
358,TCP,TCP,10.1.27.135,31.205.250.227,50178,80,19:26.7,54,227.8020116,0
359,TCP,TCP,31.205.250.227,10.1.27.135,80,50177,19:26.7,1456,228.1472756,0
360,TCP,TCP,10.1.27.135,31.205.250.227,50177,80,19:26.7,66,228.5643634,0
361,TCP,TCP,31.205.250.227,10.1.27.135,80,50177,19:26.7,1456,228.9804478,0
362,TCP,TCP,10.1.27.135,31.205.250.227,50177,80,19:26.7,66,229.3230146,0
363,TCP,TCP,31.205.250.227,10.1.27.135,80,50182,19:26.7,1456,229.8105152,0
364,TCP,TCP,10.1.27.135,31.205.250.227,50182,80,19:26.7,74,230.1515166,0
365,TCP,TCP,31.205.250.227,10.1.27.135,80,50182,19:26.7,1456,230.4914464,0
366,TCP,TCP,10.1.27.135,31.205.250.227,50182,80,19:26.7,74,230.9767346,0
367,TCP,TCP,31.205.250.227,10.1.27.135,80,50181,19:26.7,1456,231.3150808,0
368,TCP,TCP,31.205.250.227,10.1.27.135,80,50181,19:26.7,1456,231.652538,0
369,TCP,TCP,10.1.27.135,31.205.250.227,50181,80,19:26.7,54,232.1354592,0
370,TCP,TCP,31.205.250.227,10.1.27.135,80,50180,19:26.7,1456,232.471384,0
371,TCP,TCP,31.205.250.227,10.1.27.135,80,50180,19:26.7,1456,232.9528774,0
372,TCP,TCP,10.1.27.135,31.205.250.227,50180,80,19:26.7,54,233.2870713,0
373,TCP,TCP,31.205.250.227,10.1.27.135,80,50179,19:26.7,1456,233.7672141,0
374,TCP,TCP,31.205.250.227,10.1.27.135,80,50179,19:26.7,1456,234.246719,0
375,TCP,TCP,10.1.27.135,31.205.250.227,50179,80,19:26.7,54,234.5784166,0
376,TCP,TCP,31.205.250.227,10.1.27.135,80,50183,19:26.7,1456,235.0564762,0
377,TCP,TCP,10.1.27.135,31.205.250.227,50183,80,19:26.7,66,235.386607,0
378,TCP,TCP,31.205.250.227,10.1.27.135,80,50183,19:26.7,1456,235.7158422,0
379,TCP,TCP,10.1.27.135,31.205.250.227,50183,80,19:26.7,66,236.1917323,0
380,TCP,TCP,31.205.250.227,10.1.27.135,80,50178,19:26.7,1456,236.519276,0
381,DNS,UDP,10.1.27.135,10.1.27.254,53734,53,19:26.7,132,236.8461082,0
382,TCP,TCP,31.205.250.227,10.1.27.135,80,50178,19:26.7,1456,237.319847,0
383,TCP,TCP,10.1.27.135,31.205.250.227,50178,80,19:26.7,54,237.6450381,0
384,TCP,TCP,31.205.250.227,10.1.27.135,80,50184,19:26.7,1456,237.9694561,0
385,TCP,TCP,31.205.250.227,10.1.27.135,80,50184,19:26.7,1456,238.4409914,0
386,TCP,TCP,10.1.27.135,31.205.250.227,50184,80,19:26.7,54,238.7637833,0
387,TCP,TCP,31.205.250.227,10.1.27.135,80,50177,19:26.7,1456,239.0858107,0
388,TCP,TCP,10.1.27.135,31.205.250.227,50177,80,19:26.7,66,239.5551601,0
389,TCP,TCP,31.205.250.227,10.1.27.135,80,50177,19:26.7,1456,239.8755764,0
390,TCP,TCP,10.1.27.135,31.205.250.227,50177,80,19:26.7,66,240.1938609,0
391,TCP,TCP,31.205.250.227,10.1.27.135,80,50181,19:26.7,1456,240.5140727,0
392,TCP,TCP,31.205.250.227,10.1.27.135,80,50181,19:26.7,1456,240.8320881,0
393,TCP,TCP,10.1.27.135,31.205.250.227,50181,80,19:26.7,54,241.2972669,0
394,TCP,TCP,31.205.250.227,10.1.27.135,80,50182,19:26.7,1456,241.763003,0
395,TCP,TCP,10.1.27.135,31.205.250.227,50182,80,19:26.7,74,241.9300549,0
396,TCP,TCP,31.205.250.227,10.1.27.135,80,50182,19:26.7,1456,242.3936605,0
397,TCP,TCP,10.1.27.135,31.205.250.227,50182,80,19:26.7,74,242.7078471,0
398,TCP,TCP,31.205.250.227,10.1.27.135,80,50180,19:26.7,1456,243.0212996,0
399,TCP,TCP,31.205.250.227,10.1.27.135,80,50180,19:26.7,1456,243.3339502,0
400,TCP,TCP,10.1.27.135,31.205.250.227,50180,80,19:26.7,54,243.7946792,0
401,TCP,TCP,31.205.250.227,10.1.27.135,80,50179,19:26.7,1456,244.105884,0
402,TCP,TCP,31.205.250.227,10.1.27.135,80,50179,19:26.7,1456,244.5652988,0
403,TCP,TCP,10.1.27.135,31.205.250.227,50179,80,19:26.7,54,244.8749605,0
404,TCP,TCP,31.205.250.227,10.1.27.135,80,50183,19:26.7,1456,245.3331032,0
405,TCP,TCP,10.1.27.135,31.205.250.227,50183,80,19:26.7,66,245.6412308,0
406,TCP,TCP,31.205.250.227,10.1.27.135,80,50183,19:26.7,1456,245.9486097,0
407,TCP,TCP,10.1.27.135,31.205.250.227,50183,80,19:26.7,66,246.2552427,0
408,TCP,TCP,31.205.250.227,10.1.27.135,80,50178,19:26.7,1456,246.7106395,0
409,TCP,TCP,31.205.250.227,10.1.27.135,80,50178,19:26.7,1456,247.0156859,0
410,TCP,TCP,10.1.27.135,31.205.250.227,50178,80,19:26.7,54,247.3201718,0
411,TCP,TCP,31.205.250.227,10.1.27.135,80,50181,19:26.7,1456,247.7735843,0
412,TCP,TCP,31.205.250.227,10.1.27.135,80,50181,19:26.7,1456,248.0765327,0
413,TCP,TCP,10.1.27.135,31.205.250.227,50181,80,19:26.7,54,248.4534908,0
414,TCP,TCP,31.205.250.227,10.1.27.135,80,50177,19:26.7,1456,248.8298381,0
415,TCP,TCP,10.1.27.135,31.205.250.227,50177,80,19:26.7,66,249.1306742,0
416,TCP,TCP,31.205.250.227,10.1.27.135,80,50177,19:26.7,1456,249.5056896,0
417,TCP,TCP,10.1.27.135,31.205.250.227,50177,80,19:26.7,66,249.8800647,0
418,TCP,TCP,31.205.250.227,10.1.27.135,80,50182,19:26.7,1456,250.1786666,0
419,TCP,TCP,10.1.27.135,31.205.250.227,50182,80,19:26.7,74,250.4765883,0
420,TCP,TCP,31.205.250.227,10.1.27.135,80,50182,19:26.7,1456,250.7737252,0
421,TCP,TCP,10.1.27.135,31.205.250.227,50182,80,19:26.7,74,251.07008,0
422,TCP,TCP,31.205.250.227,10.1.27.135,80,50184,19:26.7,1456,251.5159964,0
423,TCP,TCP,31.205.250.227,10.1.27.135,80,50184,19:26.7,1456,251.8110768,0
424,TCP,TCP,10.1.27.135,31.205.250.227,50184,80,19:26.7,54,252.10431,0
425,TCP,TCP,31.205.250.227,10.1.27.135,80,50180,19:26.7,1456,252.3990222,0
426,TCP,TCP,31.205.250.227,10.1.27.135,80,50180,19:26.7,1456,252.8423613,0
427,TCP,TCP,10.1.27.135,31.205.250.227,50180,80,19:26.7,54,253.1346016,0
428,TCP,TCP,31.205.250.227,10.1.27.135,80,50180,19:26.7,1456,253.5765346,0
429,TCP,TCP,31.205.250.227,10.1.27.135,80,50180,19:26.7,1456,253.8674908,0
430,TCP,TCP,10.1.27.135,31.205.250.227,50180,80,19:26.7,54,254.1577216,0
431,TCP,TCP,31.205.250.227,10.1.27.135,80,50179,19:26.7,1456,254.5978827,0
432,TCP,TCP,31.205.250.227,10.1.27.135,80,50179,19:26.7,1456,254.8867345,0
433,TCP,TCP,10.1.27.135,31.205.250.227,50179,80,19:26.7,54,255.1739357,0
434,TCP,TCP,31.205.250.227,10.1.27.135,80,50181,19:26.7,1456,255.4621778,0
435,TCP,TCP,31.205.250.227,10.1.27.135,80,50181,19:26.7,1456,255.8997878,0
436,TCP,TCP,10.1.27.135,31.205.250.227,50181,80,19:26.7,54,256.1858788,0
437,TCP,TCP,31.205.250.227,10.1.27.135,80,50178,19:26.7,1456,256.4711889,0
438,TCP,TCP,31.205.250.227,10.1.27.135,80,50178,19:26.7,1456,256.755828,0
439,TCP,TCP,10.1.27.135,31.205.250.227,50178,80,19:26.7,54,257.0400138,0
440,TCP,TCP,31.205.250.227,10.1.27.135,80,50182,19:26.7,1456,257.4743515,0
441,TCP,TCP,10.1.27.135,31.205.250.227,50182,80,19:26.7,74,257.7570165,0
442,TCP,TCP,31.205.250.227,10.1.27.135,80,50182,19:26.7,1456,258.1902429,0
443,TCP,TCP,10.1.27.135,31.205.250.227,50182,80,19:26.7,74,258.4715381,0
444,TCP,TCP,31.205.250.227,10.1.27.135,80,50179,19:26.7,1456,258.7522835,0
445,TCP,TCP,31.205.250.227,10.1.27.135,80,50179,19:26.8,1456,259.1836279,0
446,TCP,TCP,10.1.27.135,31.205.250.227,50179,80,19:26.8,54,259.4630155,0
447,TCP,TCP,31.205.250.227,10.1.27.135,80,50181,19:26.8,1456,259.741752,0
448,TCP,TCP,31.205.250.227,10.1.27.135,80,50181,19:26.8,1456,260.0198036,0
449,TCP,TCP,10.1.27.135,31.205.250.227,50181,80,19:26.8,54,260.2972807,0
450,TCP,TCP,31.205.250.227,10.1.27.135,80,50183,19:26.8,1456,260.5740774,0
451,TCP,TCP,10.1.27.135,31.205.250.227,50183,80,19:26.8,66,261.0015756,0
452,TCP,TCP,31.205.250.227,10.1.27.135,80,50183,19:26.8,1456,261.2770386,0
453,TCP,TCP,10.1.27.135,31.205.250.227,50183,80,19:26.8,66,261.5518996,0
454,TCP,TCP,31.205.250.227,10.1.27.135,80,50180,19:26.8,1456,261.8255129,0
455,TCP,TCP,31.205.250.227,10.1.27.135,80,50180,19:26.8,1456,262.0997887,0
456,TCP,TCP,10.1.27.135,31.205.250.227,50180,80,19:26.8,54,262.5224194,0
457,TCP,TCP,31.205.250.227,10.1.27.135,80,50178,19:26.8,1456,262.7964987,0
458,TCP,TCP,31.205.250.227,10.1.27.135,80,50178,19:26.8,1456,263.2197599,0
459,TCP,TCP,10.1.27.135,31.205.250.227,50178,80,19:26.8,54,263.4908386,0
460,TCP,TCP,31.205.250.227,10.1.27.135,80,50177,19:26.8,1456,263.9129699,0
461,TCP,TCP,10.1.27.135,31.205.250.227,50177,80,19:26.8,66,264.1827487,0
462,TCP,TCP,31.205.250.227,10.1.27.135,80,50177,19:26.8,1456,264.4519082,0
463,TCP,TCP,10.1.27.135,31.205.250.227,50177,80,19:26.8,66,264.8723135,0
464,TCP,TCP,31.205.250.227,10.1.27.135,80,50184,19:26.8,1456,265.1401841,0
465,TCP,TCP,31.205.250.227,10.1.27.135,80,50184,19:26.8,1456,265.5594732,0
466,TCP,TCP,10.1.27.135,31.205.250.227,50184,80,19:26.8,54,265.826134,0
467,TCP,TCP,31.205.250.227,10.1.27.135,80,50182,19:26.8,1456,266.2443483,0
468,TCP,TCP,10.1.27.135,31.205.250.227,50182,80,19:26.8,74,266.5096979,0
469,TCP,TCP,31.205.250.227,10.1.27.135,80,50182,19:26.8,1456,266.7745868,0
470,TCP,TCP,10.1.27.135,31.205.250.227,50182,80,19:26.8,74,267.0387637,0
471,TCP,TCP,31.205.250.227,10.1.27.135,80,50179,19:26.8,1456,267.3021222,0
472,TCP,TCP,31.205.250.227,10.1.27.135,80,50179,19:26.8,1456,267.6411696,0
473,TCP,TCP,10.1.27.135,31.205.250.227,50179,80,19:26.8,54,267.9035728,0
474,TCP,TCP,31.205.250.227,10.1.27.135,80,50181,19:26.8,1456,268.2415072,0
475,TCP,TCP,31.205.250.227,10.1.27.135,80,50181,19:26.8,1456,268.5787945,0
476,TCP,TCP,10.1.27.135,31.205.250.227,50181,80,19:26.8,54,268.9154724,0
477,TCP,TCP,31.205.250.227,10.1.27.135,80,50180,19:26.8,1456,269.2516871,0
478,TCP,TCP,31.205.250.227,10.1.27.135,80,50180,19:26.8,1456,269.5110826,0
479,TCP,TCP,10.1.27.135,31.205.250.227,50180,80,19:26.8,54,269.8460919,0
480,TCP,TCP,31.205.250.227,10.1.27.135,80,50183,19:26.8,1456,270.1797364,0
481,TCP,TCP,10.1.27.135,31.205.250.227,50183,80,19:26.8,66,270.5490187,0
482,TCP,TCP,31.205.250.227,10.1.27.135,80,50183,19:26.8,1456,270.8060721,0
483,TCP,TCP,10.1.27.135,31.205.250.227,50183,80,19:26.8,66,271.0625471,0
484,TCP,TCP,31.205.250.227,10.1.27.135,80,50179,19:26.8,1456,271.4709772,0
485,TCP,TCP,31.205.250.227,10.1.27.135,80,50179,19:26.8,1456,271.7262729,0
486,TCP,TCP,10.1.27.135,31.205.250.227,50179,80,19:26.8,54,272.1336425,0
487,TCP,TCP,31.205.250.227,10.1.27.135,80,50177,19:26.8,1456,272.5405184,0
488,TCP,TCP,10.1.27.135,31.205.250.227,50177,80,19:26.8,66,272.7940066,0
489,TCP,TCP,31.205.250.227,10.1.27.135,80,50178,19:26.8,1456,273.0469635,0
490,TCP,TCP,31.205.250.227,10.1.27.135,80,50178,19:26.8,1456,273.4522262,0
491,TCP,TCP,10.1.27.135,31.205.250.227,50178,80,19:26.8,54,273.7039868,0
492,TCP,TCP,31.205.250.227,10.1.27.135,80,50177,19:26.8,1456,273.9551489,0
493,TCP,TCP,10.1.27.135,31.205.250.227,50177,80,19:26.8,66,274.3588832,0
494,TCP,TCP,31.205.250.227,10.1.27.135,80,50184,19:26.8,1456,274.6088588,0
495,TCP,TCP,31.205.250.227,10.1.27.135,80,50184,19:26.8,1456,274.8583504,0
496,TCP,TCP,10.1.27.135,31.205.250.227,50184,80,19:26.8,54,275.2603863,0
497,TCP,TCP,31.205.250.227,10.1.27.135,80,50182,19:26.8,1456,275.508774,0
498,TCP,TCP,10.1.27.135,31.205.250.227,50182,80,19:26.8,74,275.9097059,0
499,TCP,TCP,31.205.250.227,10.1.27.135,80,50182,19:26.8,1456,276.1569231,0
500,TCP,TCP,10.1.27.135,31.205.250.227,50182,80,19:26.8,74,276.4036651,0
501,TCP,TCP,31.205.250.227,10.1.27.135,80,50181,19:26.8,1456,276.8029905,0
502,TCP,TCP,31.205.250.227,10.1.27.135,80,50181,19:26.8,1456,277.0485351,0
503,TCP,TCP,10.1.27.135,31.205.250.227,50181,80,19:26.8,54,277.4469506,0
504,TCP,TCP,31.205.250.227,10.1.27.135,80,50180,19:26.8,1456,277.6914133,0
505,TCP,TCP,31.205.250.227,10.1.27.135,80,50180,19:26.8,1456,277.9353,0
506,TCP,TCP,10.1.27.135,31.205.250.227,50180,80,19:26.8,54,278.332055,0
507,TCP,TCP,31.205.250.227,10.1.27.135,80,50179,19:26.8,1456,278.5747597,0
508,TCP,TCP,31.205.250.227,10.1.27.135,80,50179,19:26.8,1456,278.9705801,0
509,TCP,TCP,10.1.27.135,31.205.250.227,50179,80,19:26.8,54,279.2121817,0
510,TCP,TCP,31.205.250.227,10.1.27.135,80,50183,19:26.8,1456,279.4533618,0
511,TCP,TCP,10.1.27.135,31.205.250.227,50183,80,19:26.8,66,279.6940125,0
512,TCP,TCP,31.205.250.227,10.1.27.135,80,50183,19:26.8,1456,279.9340261,0
513,TCP,TCP,10.1.27.135,31.205.250.227,50183,80,19:26.8,66,280.1737327,0
514,TCP,TCP,31.205.250.227,10.1.27.135,80,50177,19:26.8,1456,280.4125868,0
515,TCP,TCP,10.1.27.135,31.205.250.227,50177,80,19:26.8,66,280.6512103,0
516,TCP,TCP,31.205.250.227,10.1.27.135,80,50177,19:26.8,1456,280.8891307,0
517,TCP,TCP,10.1.27.135,31.205.250.227,50177,80,19:26.8,66,281.1260219,0
518,TCP,TCP,31.205.250.227,10.1.27.135,80,50178,19:26.8,1456,281.3636349,0
519,TCP,TCP,31.205.250.227,10.1.27.135,80,50178,19:26.8,1456,281.600149,0
520,TCP,TCP,10.1.27.135,31.205.250.227,50178,80,19:26.8,54,281.9892293,0
521,TCP,TCP,31.205.250.227,10.1.27.135,80,50184,19:26.8,1456,282.2246057,0
522,TCP,TCP,31.205.250.227,10.1.27.135,80,50184,19:26.8,1456,282.4594714,0
523,TCP,TCP,10.1.27.135,31.205.250.227,50184,80,19:26.8,54,282.8470668,0
524,TCP,TCP,31.205.250.227,10.1.27.135,80,50182,19:26.8,1456,283.079345,0
525,TCP,TCP,10.1.27.135,31.205.250.227,50182,80,19:26.8,74,283.3142893,0
526,TCP,TCP,31.205.250.227,10.1.27.135,80,50182,19:26.8,1456,283.7004107,0
527,TCP,TCP,10.1.27.135,31.205.250.227,50182,80,19:26.8,74,283.9327034,0
528,TCP,TCP,31.205.250.227,10.1.27.135,80,50181,19:26.8,1456,284.1644217,0
529,TCP,TCP,31.205.250.227,10.1.27.135,80,50181,19:26.8,1456,284.5490799,0
530,TCP,TCP,10.1.27.135,31.205.250.227,50181,80,19:26.8,54,284.7797595,0
531,TCP,TCP,31.205.250.227,10.1.27.135,80,50183,19:26.8,1456,285.0083012,0
532,TCP,TCP,10.1.27.135,31.205.250.227,50183,80,19:26.8,66,285.2393751,0
533,TCP,TCP,31.205.250.227,10.1.27.135,80,50183,19:26.8,1456,285.4686061,0
534,TCP,TCP,10.1.27.135,31.205.250.227,50183,80,19:26.8,66,285.6207995,0
535,TCP,TCP,31.205.250.227,10.1.27.135,80,50177,19:26.8,1456,285.9247197,0
536,TCP,TCP,10.1.27.135,31.205.250.227,50177,80,19:26.8,66,286.1524072,0
537,TCP,TCP,31.205.250.227,10.1.27.135,80,50177,19:26.8,1456,286.4572964,0
538,TCP,TCP,10.1.27.135,31.205.250.227,50177,80,19:26.8,66,286.6840261,0
539,TCP,TCP,31.205.250.227,10.1.27.135,80,50181,19:26.8,1456,286.9044823,0
540,TCP,TCP,31.205.250.227,10.1.27.135,80,50181,19:26.8,1456,287.1302833,0
541,TCP,TCP,10.1.27.135,31.205.250.227,50181,80,19:26.8,54,287.5087413,0
542,TCP,TCP,31.205.250.227,10.1.27.135,80,50177,19:26.8,1456,287.5804075,0
543,TCP,TCP,10.1.27.135,31.205.250.227,50177,80,19:26.8,66,287.8048428,0
544,TCP,TCP,31.205.250.227,10.1.27.135,80,50177,19:26.8,1456,288.0287289,0
545,TCP,TCP,10.1.27.135,31.205.250.227,50177,80,19:26.8,66,288.2521401,0
546,TCP,TCP,31.205.250.227,10.1.27.135,80,50178,19:26.8,1456,288.4750779,0
547,TCP,TCP,31.205.250.227,10.1.27.135,80,50178,19:26.8,1456,288.8503466,0
548,TCP,TCP,10.1.27.135,31.205.250.227,50178,80,19:26.8,54,289.0723705,0
549,TCP,TCP,31.205.250.227,10.1.27.135,80,50180,19:26.8,1456,289.4467283,0
550,TCP,TCP,31.205.250.227,10.1.27.135,80,50180,19:26.8,1456,289.5148671,0
551,TCP,TCP,10.1.27.135,31.205.250.227,50180,80,19:26.8,54,289.8882742,0
552,TCP,TCP,31.205.250.227,10.1.27.135,80,50182,19:26.8,1456,290.2612511,0
553,TCP,TCP,10.1.27.135,31.205.250.227,50182,80,19:26.8,74,290.480781,0
554,TCP,TCP,31.205.250.227,10.1.27.135,80,50182,19:26.8,1456,290.6997761,0
555,TCP,TCP,10.1.27.135,31.205.250.227,50182,80,19:26.8,74,291.0714547,0
556,TCP,TCP,31.205.250.227,10.1.27.135,80,50179,19:26.8,1456,291.2895204,0
557,TCP,TCP,31.205.250.227,10.1.27.135,80,50179,19:26.8,1456,291.6602314,0
558,TCP,TCP,10.1.27.135,31.205.250.227,50179,80,19:26.8,54,291.8764627,0
559,TCP,TCP,31.205.250.227,10.1.27.135,80,50181,19:26.8,1456,292.0940226,0
560,TCP,TCP,31.205.250.227,10.1.27.135,80,50181,19:26.8,1456,292.4614845,0
561,TCP,TCP,10.1.27.135,31.205.250.227,50181,80,19:26.8,54,292.6790748,0
562,TCP,TCP,31.205.250.227,10.1.27.135,80,50184,19:26.8,1456,292.8943935,0
563,TCP,TCP,31.205.250.227,10.1.27.135,80,50184,19:26.8,1456,293.2622938,0
564,TCP,TCP,10.1.27.135,31.205.250.227,50184,80,19:26.8,54,293.4766305,0
565,TCP,TCP,31.205.250.227,10.1.27.135,80,50177,19:26.8,1456,293.8436516,0
566,TCP,TCP,10.1.27.135,31.205.250.227,50177,80,19:26.8,66,294.0570476,0
567,TCP,TCP,31.205.250.227,10.1.27.135,80,50177,19:26.8,1456,294.2699995,0
568,TCP,TCP,10.1.27.135,31.205.250.227,50177,80,19:26.8,66,294.4825085,0
569,TCP,TCP,31.205.250.227,10.1.27.135,80,50183,19:26.8,1456,294.8476721,0
570,TCP,TCP,10.1.27.135,31.205.250.227,50183,80,19:26.8,66,295.059287,0
571,TCP,TCP,31.205.250.227,10.1.27.135,80,50183,19:26.8,1456,295.423583,0
572,TCP,TCP,10.1.27.135,31.205.250.227,50183,80,19:26.8,66,295.6342357,0
573,TCP,TCP,31.205.250.227,10.1.27.135,80,50179,19:26.8,1456,295.9976678,0
574,TCP,TCP,31.205.250.227,10.1.27.135,80,50179,19:26.8,1456,296.2074723,0
575,TCP,TCP,10.1.27.135,31.205.250.227,50179,80,19:26.8,54,296.4167338,0
576,TCP,TCP,31.205.250.227,10.1.27.135,80,50181,19:26.8,1456,296.7787864,0
577,TCP,TCP,31.205.250.227,10.1.27.135,80,50181,19:26.8,1456,296.9872798,0
578,TCP,TCP,10.1.27.135,31.205.250.227,50181,80,19:26.8,54,297.3484414,0
579,TCP,TCP,31.205.250.227,10.1.27.135,80,50180,19:26.8,1456,297.5559528,0
580,TCP,TCP,31.205.250.227,10.1.27.135,80,50180,19:26.8,1456,297.7630005,0
581,TCP,TCP,10.1.27.135,31.205.250.227,50180,80,19:26.8,54,297.9696588,0
582,TCP,TCP,31.205.250.227,10.1.27.135,80,50178,19:26.8,1456,298.3291251,0
583,TCP,TCP,31.205.250.227,10.1.27.135,80,50178,19:26.8,1456,298.534811,0
584,TCP,TCP,10.1.27.135,31.205.250.227,50178,80,19:26.8,54,298.8934704,0
585,TCP,TCP,31.205.250.227,10.1.27.135,80,50179,19:26.8,1456,299.0982248,0
586,TCP,TCP,31.205.250.227,10.1.27.135,80,50179,19:26.8,1456,299.4559713,0
587,TCP,TCP,10.1.27.135,31.205.250.227,50179,80,19:26.8,54,299.8134244,0
588,TCP,TCP,31.205.250.227,10.1.27.135,80,50177,19:26.8,1456,300.0168547,0
589,TCP,TCP,10.1.27.135,31.205.250.227,50177,80,19:26.8,66,300.2197597,0
590,TCP,TCP,31.205.250.227,10.1.27.135,80,50177,19:26.8,1456,300.422323,0
591,TCP,TCP,10.1.27.135,31.205.250.227,50177,80,19:26.8,66,300.7013111,0
592,TCP,TCP,31.205.250.227,10.1.27.135,80,50184,19:26.8,1456,300.9797998,0
593,TCP,TCP,31.205.250.227,10.1.27.135,80,50184,19:26.8,1456,301.2578264,0
594,TCP,TCP,10.1.27.135,31.205.250.227,50184,80,19:26.8,54,301.5354649,0
595,TCP,TCP,31.205.250.227,10.1.27.135,80,50183,19:26.8,1456,301.7359024,0
596,TCP,TCP,10.1.27.135,31.205.250.227,50183,80,19:26.8,66,301.9360056,0
597,TCP,TCP,31.205.250.227,10.1.27.135,80,50183,19:26.8,1456,302.1356662,0
598,TCP,TCP,10.1.27.135,31.205.250.227,50183,80,19:26.8,66,302.4115812,0
599,TCP,TCP,31.205.250.227,10.1.27.135,80,50182,19:26.8,1456,302.610078,0
600,TCP,TCP,10.1.27.135,31.205.250.227,50182,80,19:26.8,74,302.8085734,0
601,TCP,TCP,31.205.250.227,10.1.27.135,80,50182,19:26.8,1456,303.1597922,0
602,TCP,TCP,10.1.27.135,31.205.250.227,50182,80,19:26.8,74,303.3573949,0
603,TCP,TCP,31.205.250.227,10.1.27.135,80,50181,19:26.8,1456,303.7078044,0
604,TCP,TCP,31.205.250.227,10.1.27.135,80,50181,19:26.8,1456,303.9045187,0
605,TCP,TCP,10.1.27.135,31.205.250.227,50181,80,19:26.8,54,304.1007999,0
606,TCP,TCP,31.205.250.227,10.1.27.135,80,50181,19:26.8,1456,304.2967951,0
607,DNS,UDP,10.1.27.135,10.1.27.254,53734,53,19:26.8,132,304.6454974,0
608,TCP,TCP,31.205.250.227,10.1.27.135,80,50181,19:26.8,1456,304.840613,0
609,TCP,TCP,10.1.27.135,31.205.250.227,50181,80,19:26.8,54,305.1886256,0
610,TCP,TCP,31.205.250.227,10.1.27.135,80,50180,19:26.8,1456,305.3828294,0
611,TCP,TCP,31.205.250.227,10.1.27.135,80,50180,19:26.8,1456,305.7300098,0
612,TCP,TCP,10.1.27.135,31.205.250.227,50180,80,19:26.8,54,306.0767691,0
613,TCP,TCP,31.205.250.227,10.1.27.135,80,50179,19:26.8,1456,306.2697302,0
614,TCP,TCP,31.205.250.227,10.1.27.135,80,50179,19:26.8,1456,306.4623415,0
615,TCP,TCP,10.1.27.135,31.205.250.227,50179,80,19:26.8,54,306.807867,0
616,TCP,TCP,31.205.250.227,10.1.27.135,80,50178,19:26.8,1456,306.9996883,0
617,TCP,TCP,31.205.250.227,10.1.27.135,80,50177,19:26.8,1456,307.1903974,0
618,TCP,TCP,10.1.27.135,31.205.250.227,50177,80,19:26.8,66,307.3820374,0
619,TCP,TCP,31.205.250.227,10.1.27.135,80,50178,19:26.8,1456,307.7259717,0
620,TCP,TCP,10.1.27.135,31.205.250.227,50178,80,19:26.8,54,307.9161373,0
621,TCP,TCP,31.205.250.227,10.1.27.135,80,50177,19:26.8,1456,308.1058881,0
622,TCP,TCP,10.1.27.135,31.205.250.227,50177,80,19:26.8,66,308.4480604,0
623,TCP,TCP,31.205.250.227,10.1.27.135,80,50184,19:26.8,1456,308.6375829,0
624,TCP,TCP,31.205.250.227,10.1.27.135,80,50184,19:26.8,1456,308.8261467,0
625,TCP,TCP,10.1.27.135,31.205.250.227,50184,80,19:26.8,54,309.1676225,0
626,TCP,TCP,31.205.250.227,10.1.27.135,80,50183,19:26.8,1456,309.35549,0
627,TCP,TCP,10.1.27.135,31.205.250.227,50183,80,19:26.8,66,309.6961233,0
628,TCP,TCP,31.205.250.227,10.1.27.135,80,50183,19:26.8,1456,309.8826423,0
629,TCP,TCP,10.1.27.135,31.205.250.227,50183,80,19:26.8,66,310.0698488,0
630,TCP,TCP,31.205.250.227,10.1.27.135,80,50183,19:26.8,1456,310.4093241,0
631,TCP,TCP,10.1.27.135,31.205.250.227,50183,80,19:26.8,66,310.5951881,0
632,TCP,TCP,31.205.250.227,10.1.27.135,80,50183,19:26.8,1456,310.9339017,0
633,TCP,TCP,10.1.27.135,31.205.250.227,50183,80,19:26.8,66,311.1190104,0
634,TCP,TCP,31.205.250.227,10.1.27.135,80,50182,19:26.8,1456,311.4570018,0
635,TCP,TCP,10.1.27.135,31.205.250.227,50182,80,19:26.8,74,311.6412132,0
636,TCP,TCP,31.205.250.227,10.1.27.135,80,50182,19:26.8,1456,311.8250987,0
637,TCP,TCP,10.1.27.135,31.205.250.227,50182,80,19:26.8,74,312.1619857,0
638,TCP,TCP,31.205.250.227,10.1.27.135,80,50181,19:26.8,1456,312.3450528,0
639,TCP,TCP,31.205.250.227,10.1.27.135,80,50181,19:26.8,1456,312.6811159,0
640,TCP,TCP,10.1.27.135,31.205.250.227,50181,80,19:26.8,54,312.8634777,0
641,TCP,TCP,31.205.250.227,10.1.27.135,80,50180,19:26.8,1456,313.1988295,0
642,TCP,TCP,31.205.250.227,10.1.27.135,80,50180,19:26.8,1456,313.3803439,0
643,TCP,TCP,10.1.27.135,31.205.250.227,50180,80,19:26.8,54,313.7149506,0
644,TCP,TCP,31.205.250.227,10.1.27.135,80,50179,19:26.8,1456,313.8956214,0
645,TCP,TCP,31.205.250.227,10.1.27.135,80,50179,19:26.8,1456,314.0761579,0
646,TCP,TCP,10.1.27.135,31.205.250.227,50179,80,19:26.8,54,314.2561602,0
647,TCP,TCP,31.205.250.227,10.1.27.135,80,50177,19:26.8,1456,314.43603,0
648,TCP,TCP,10.1.27.135,31.205.250.227,50177,80,19:26.8,66,314.7685467,0
649,TCP,TCP,31.205.250.227,10.1.27.135,80,50177,19:26.8,1456,314.9475099,0
650,TCP,TCP,10.1.27.135,31.205.250.227,50177,80,19:26.8,66,315.2025626,0
651,TCP,TCP,31.205.250.227,10.1.27.135,80,50178,19:26.8,1456,315.4561135,0
652,TCP,TCP,31.205.250.227,10.1.27.135,80,50178,19:26.8,1456,315.6352855,0
653,TCP,TCP,10.1.27.135,31.205.250.227,50178,80,19:26.8,54,315.889328,0
654,TCP,TCP,31.205.250.227,10.1.27.135,80,50184,19:26.8,1456,316.1430739,0
655,TCP,TCP,31.205.250.227,10.1.27.135,80,50184,19:26.8,1456,316.3964147,0
656,TCP,TCP,10.1.27.135,31.205.250.227,50184,80,19:26.8,54,316.649497,0
657,TCP,TCP,31.205.250.227,10.1.27.135,80,50183,19:26.8,1456,316.9021028,0
658,TCP,TCP,10.1.27.135,31.205.250.227,50183,80,19:26.8,66,317.0777504,0
659,TCP,TCP,31.205.250.227,10.1.27.135,80,50183,19:26.8,1456,317.2530588,0
660,TCP,TCP,10.1.27.135,31.205.250.227,50183,80,19:26.8,66,317.4178741,0
661,TCP,TCP,31.205.250.227,10.1.27.135,80,50182,19:26.8,1456,317.5945488,0
662,TCP,TCP,10.1.27.135,31.205.250.227,50182,80,19:26.8,74,317.768849,0
663,TCP,TCP,31.205.250.227,10.1.27.135,80,50182,19:26.8,1456,317.9427413,0
664,TCP,TCP,10.1.27.135,31.205.250.227,50182,80,19:26.8,74,318.1153183,0
665,TCP,TCP,31.205.250.227,10.1.27.135,80,50181,19:26.8,1456,318.2897058,0
666,TCP,TCP,31.205.250.227,10.1.27.135,80,50181,19:26.8,1456,318.6154124,0
667,TCP,TCP,10.1.27.135,31.205.250.227,50181,80,19:26.8,54,318.7879461,0
668,TCP,TCP,31.205.250.227,10.1.27.135,80,50180,19:26.8,1456,319.113055,0
669,TCP,TCP,31.205.250.227,10.1.27.135,80,50180,19:26.8,1456,319.2848647,0
670,TCP,TCP,10.1.27.135,31.205.250.227,50180,80,19:26.8,54,319.4564548,0
671,TCP,TCP,31.205.250.227,10.1.27.135,80,50179,19:26.8,1456,319.6276082,0
672,TCP,TCP,31.205.250.227,10.1.27.135,80,50179,19:26.8,1456,319.9510849,0
673,TCP,TCP,10.1.27.135,31.205.250.227,50179,80,19:26.8,54,320.1215578,0
674,TCP,TCP,31.205.250.227,10.1.27.135,80,50177,19:26.8,1456,320.4443726,0
675,TCP,TCP,10.1.27.135,31.205.250.227,50177,80,19:26.8,66,320.6141321,0
676,TCP,TCP,31.205.250.227,10.1.27.135,80,50177,19:26.8,1456,320.7823708,0
677,TCP,TCP,10.1.27.135,31.205.250.227,50177,80,19:26.8,66,320.9527916,0
678,TCP,TCP,31.205.250.227,10.1.27.135,80,50184,19:26.8,1456,321.2741378,0
679,TCP,TCP,31.205.250.227,10.1.27.135,80,50184,19:26.8,1456,321.4425456,0
680,TCP,TCP,10.1.27.135,31.205.250.227,50184,80,19:26.8,54,321.6105976,0
681,TCP,TCP,31.205.250.227,10.1.27.135,80,50178,19:26.8,1456,321.7784036,0
682,TCP,TCP,31.205.250.227,10.1.27.135,80,50178,19:26.8,1456,322.0982574,0
683,TCP,TCP,10.1.27.135,31.205.250.227,50178,80,19:26.8,54,322.2653276,0
684,TCP,TCP,31.205.250.227,10.1.27.135,80,50183,19:26.8,1456,322.5844973,0
685,TCP,TCP,10.1.27.135,31.205.250.227,50183,80,19:26.8,66,322.7509438,0
686,TCP,TCP,31.205.250.227,10.1.27.135,80,50183,19:26.9,1456,322.916315,0
687,TCP,TCP,10.1.27.135,31.205.250.227,50183,80,19:26.9,66,323.2351491,0
688,TCP,TCP,31.205.250.227,10.1.27.135,80,50181,19:26.9,1456,323.400554,0
689,TCP,TCP,31.205.250.227,10.1.27.135,80,50182,19:26.9,1456,323.7180221,0
690,TCP,TCP,10.1.27.135,31.205.250.227,50182,80,19:26.9,74,323.8827027,0
691,TCP,TCP,31.205.250.227,10.1.27.135,80,50182,19:26.9,1456,324.0470736,0
692,TCP,TCP,10.1.27.135,31.205.250.227,50182,80,19:26.9,74,324.2111356,0
693,TCP,TCP,31.205.250.227,10.1.27.135,80,50180,19:26.9,1456,324.3748896,0
694,TCP,TCP,31.205.250.227,10.1.27.135,80,50180,19:26.9,1456,324.6905964,0
695,TCP,TCP,10.1.27.135,31.205.250.227,50180,80,19:26.9,54,324.8536708,0
696,TCP,TCP,31.205.250.227,10.1.27.135,80,50179,19:26.9,1456,325.166935,0
697,TCP,TCP,31.205.250.227,10.1.27.135,80,50179,19:26.9,1456,325.3310714,0
698,TCP,TCP,10.1.27.135,31.205.250.227,50179,80,19:26.9,54,325.4932018,0
699,TCP,TCP,31.205.250.227,10.1.27.135,80,50177,19:26.9,1456,325.8072058,0
700,TCP,TCP,10.1.27.135,31.205.250.227,50177,80,19:26.9,66,325.8164824,0
701,TCP,TCP,31.205.250.227,10.1.27.135,80,50177,19:26.9,1456,326.1297497,0
702,TCP,TCP,10.1.27.135,31.205.250.227,50177,80,19:26.9,66,326.2904984,0
703,TCP,TCP,31.205.250.227,10.1.27.135,80,50181,19:26.9,1456,326.451056,0
704,TCP,TCP,10.1.27.135,31.205.250.227,50181,80,19:26.9,54,326.6112788,0
705,TCP,TCP,31.205.250.227,10.1.27.135,80,50181,19:26.9,1456,326.9231208,0
706,TCP,TCP,31.205.250.227,10.1.27.135,80,50184,19:26.9,1456,327.0827179,0
707,TCP,TCP,31.205.250.227,10.1.27.135,80,50184,19:26.9,1456,327.2412243,0
708,TCP,TCP,10.1.27.135,31.205.250.227,50184,80,19:26.9,54,327.4766641,0
709,TCP,TCP,31.205.250.227,10.1.27.135,80,50178,19:26.9,1456,327.6352693,0
710,TCP,TCP,31.205.250.227,10.1.27.135,80,50178,19:26.9,1456,327.7936529,0
711,TCP,TCP,10.1.27.135,31.205.250.227,50178,80,19:26.9,54,328.0275344,0
712,TCP,TCP,31.205.250.227,10.1.27.135,80,50183,19:26.9,1456,328.2611277,0
713,TCP,TCP,10.1.27.135,31.205.250.227,50183,80,19:26.9,66,328.4943972,0
714,TCP,TCP,31.205.250.227,10.1.27.135,80,50183,19:26.9,1456,328.7273075,0
715,TCP,TCP,10.1.27.135,31.205.250.227,50183,80,19:26.9,66,328.9599677,0
716,DNS,UDP,10.1.27.254,10.1.27.135,53,62002,19:26.9,82,329.1921618,0
717,TCP,TCP,31.205.250.227,10.1.27.135,80,50182,19:26.9,1456,329.4242154,0
718,TCP,TCP,10.1.27.135,31.205.250.227,50182,80,19:26.9,74,329.731638,0
719,TCP,TCP,31.205.250.227,10.1.27.135,80,50182,19:26.9,1456,329.8870372,0
720,TCP,TCP,10.1.27.135,31.205.250.227,50182,80,19:26.9,74,330.0421867,0
721,TCP,TCP,31.205.250.227,10.1.27.135,80,50180,19:26.9,1456,330.1970873,0
722,TCP,TCP,31.205.250.227,10.1.27.135,80,50180,19:26.9,1456,330.3516676,0
723,TCP,TCP,10.1.27.135,31.205.250.227,50180,80,19:26.9,54,330.65754,0
724,TCP,TCP,31.205.250.227,10.1.27.135,80,50179,19:26.9,1456,330.8109454,0
725,TCP,TCP,31.205.250.227,10.1.27.135,80,50179,19:26.9,1456,331.1166555,0
726,TCP,TCP,10.1.27.135,31.205.250.227,50179,80,19:26.9,54,331.2700421,0
727,TCP,TCP,31.205.250.227,10.1.27.135,80,50181,19:26.9,1456,331.5745832,0
728,TCP,TCP,10.1.27.135,31.205.250.227,50181,80,19:26.9,54,331.7272692,0
729,TCP,TCP,31.205.250.227,10.1.27.135,80,50181,19:26.9,1456,331.8796764,0
730,TCP,TCP,31.205.250.227,10.1.27.135,80,50177,19:26.9,1456,332.0318416,0
731,TCP,TCP,10.1.27.135,31.205.250.227,50177,80,19:26.9,66,332.1836935,0
732,TCP,TCP,31.205.250.227,10.1.27.135,80,50177,19:26.9,1456,332.486606,0
733,TCP,TCP,10.1.27.135,31.205.250.227,50177,80,19:26.9,66,332.6378728,0
734,TCP,TCP,31.205.250.227,10.1.27.135,80,50184,19:26.9,1456,332.7887566,0
735,TCP,TCP,31.205.250.227,10.1.27.135,80,50184,19:26.9,1456,333.0907779,0
736,TCP,TCP,10.1.27.135,31.205.250.227,50184,80,19:26.9,54,333.2388505,0
737,TCP,TCP,31.205.250.227,10.1.27.135,80,50178,19:26.9,1456,333.5424858,0
738,TCP,TCP,31.205.250.227,10.1.27.135,80,50178,19:26.9,1456,333.6921387,0
739,TCP,TCP,10.1.27.135,31.205.250.227,50178,80,19:26.9,54,333.9929296,0
740,TCP,TCP,31.205.250.227,10.1.27.135,80,50183,19:26.9,1456,334.1420432,0
741,TCP,TCP,10.1.27.135,31.205.250.227,50183,80,19:26.9,66,334.2908511,0
742,TCP,TCP,31.205.250.227,10.1.27.135,80,50183,19:26.9,1456,334.5906195,0
743,TCP,TCP,10.1.27.135,31.205.250.227,50183,80,19:26.9,66,334.7388563,0
744,TCP,TCP,31.205.250.227,10.1.27.135,80,50182,19:26.9,1456,334.8857114,0
745,TCP,TCP,10.1.27.135,31.205.250.227,50182,80,19:26.9,74,335.0345638,0
746,TCP,TCP,31.205.250.227,10.1.27.135,80,50182,19:26.9,1456,335.3330871,0
747,TCP,TCP,10.1.27.135,31.205.250.227,50182,80,19:26.9,74,335.4801521,0
748,TCP,TCP,31.205.250.227,10.1.27.135,80,50180,19:26.9,1456,335.6269883,0
749,TCP,TCP,31.205.250.227,10.1.27.135,80,50180,19:26.9,1456,335.7735964,0
750,TCP,TCP,10.1.27.135,31.205.250.227,50180,80,19:26.9,54,336.070813,0
751,TCP,TCP,31.205.250.227,10.1.27.135,80,50181,19:26.9,1456,336.2168253,0
752,TCP,TCP,10.1.27.135,31.205.250.227,50181,80,19:26.9,54,336.5134429,0
753,TCP,TCP,31.205.250.227,10.1.27.135,80,50181,19:26.9,1456,336.8097585,0
754,TCP,TCP,31.205.250.227,10.1.27.135,80,50179,19:26.9,1456,336.9548829,0
755,TCP,TCP,31.205.250.227,10.1.27.135,80,50179,19:26.9,1456,337.2506026,0
756,TCP,TCP,10.1.27.135,31.205.250.227,50179,80,19:26.9,54,337.3951017,0
757,TCP,TCP,31.205.250.227,10.1.27.135,80,50177,19:26.9,1456,337.6902995,0
758,TCP,TCP,10.1.27.135,31.205.250.227,50177,80,19:26.9,66,337.8341761,0
759,TCP,TCP,31.205.250.227,10.1.27.135,80,50177,19:26.9,1456,338.1287103,0
760,TCP,TCP,10.1.27.135,31.205.250.227,50177,80,19:26.9,66,338.2720389,0
761,TCP,TCP,31.205.250.227,10.1.27.135,80,50184,19:26.9,1456,338.4151118,0
762,TCP,TCP,31.205.250.227,10.1.27.135,80,50184,19:26.9,1456,338.7087667,0
763,TCP,TCP,10.1.27.135,31.205.250.227,50184,80,19:26.9,54,338.8512237,0
764,TCP,TCP,31.205.250.227,10.1.27.135,80,50178,19:26.9,1456,338.9934631,0
765,TCP,TCP,31.205.250.227,10.1.27.135,80,50178,19:26.9,1456,339.2862078,0
766,TCP,TCP,10.1.27.135,31.205.250.227,50178,80,19:26.9,54,339.4278353,0
767,TCP,TCP,31.205.250.227,10.1.27.135,80,50183,19:26.9,1456,339.5691396,0
768,TCP,TCP,10.1.27.135,31.205.250.227,50183,80,19:26.9,66,339.7103365,0
769,TCP,TCP,31.205.250.227,10.1.27.135,80,50183,19:26.9,1456,339.926212,0
770,TCP,TCP,10.1.27.135,31.205.250.227,50183,80,19:26.9,66,340.1420868,0
771,TCP,TCP,31.205.250.227,10.1.27.135,80,50180,19:26.9,1456,340.2823926,0
772,TCP,TCP,31.205.250.227,10.1.27.135,80,50180,19:26.9,1456,340.4958709,0
773,TCP,TCP,10.1.27.135,31.205.250.227,50180,80,19:26.9,54,340.6375073,0
774,TCP,TCP,31.205.250.227,10.1.27.135,80,50182,19:26.9,1456,340.8523153,0
775,TCP,TCP,10.1.27.135,31.205.250.227,50182,80,19:26.9,74,340.9914897,0
776,TCP,TCP,31.205.250.227,10.1.27.135,80,50182,19:26.9,1456,341.1305615,0
777,TCP,TCP,10.1.27.135,31.205.250.227,50182,80,19:26.9,74,341.269317,0
778,TCP,TCP,31.205.250.227,10.1.27.135,80,50181,19:26.9,1456,341.407614,0
779,TCP,TCP,10.1.27.135,31.205.250.227,50181,80,19:26.9,54,341.5458818,0
780,TCP,TCP,31.205.250.227,10.1.27.135,80,50181,19:26.9,1456,341.8341025,0
781,TCP,TCP,31.205.250.227,10.1.27.135,80,50179,19:26.9,1456,341.9717781,0
782,TCP,TCP,31.205.250.227,10.1.27.135,80,50179,19:26.9,1456,342.1092834,0
783,TCP,TCP,10.1.27.135,31.205.250.227,50179,80,19:26.9,54,342.2464764,0
784,TCP,TCP,31.205.250.227,10.1.27.135,80,50177,19:26.9,1456,342.5334351,0
785,TCP,TCP,10.1.27.135,31.205.250.227,50177,80,19:26.9,66,342.6701836,0
786,TCP,TCP,31.205.250.227,10.1.27.135,80,50177,19:26.9,1456,342.8065859,0
787,TCP,TCP,10.1.27.135,31.205.250.227,50177,80,19:26.9,66,342.9428211,0
788,TCP,TCP,31.205.250.227,10.1.27.135,80,50184,19:26.9,1456,343.0787116,0
789,TCP,TCP,31.205.250.227,10.1.27.135,80,50184,19:26.9,1456,343.3641803,0
790,TCP,TCP,10.1.27.135,31.205.250.227,50184,80,19:26.9,54,343.4996323,0
791,TCP,TCP,31.205.250.227,10.1.27.135,80,50178,19:26.9,1456,343.6348129,0
792,TCP,TCP,31.205.250.227,10.1.27.135,80,50178,19:26.9,1456,343.9193823,0
793,TCP,TCP,10.1.27.135,31.205.250.227,50178,80,19:26.9,54,344.0541635,0
794,TCP,TCP,31.205.250.227,10.1.27.135,80,50178,19:26.9,1456,344.1884615,0
795,TCP,TCP,31.205.250.227,10.1.27.135,80,50178,19:26.9,1456,344.3226683,0
796,TCP,TCP,10.1.27.135,31.205.250.227,50178,80,19:26.9,54,344.6043315,0
797,TCP,TCP,31.205.250.227,10.1.27.135,80,50183,19:26.9,1456,344.7397444,0
798,TCP,TCP,10.1.27.135,31.205.250.227,50183,80,19:26.9,66,344.8731828,0
799,TCP,TCP,31.205.250.227,10.1.27.135,80,50181,19:26.9,1456,345.1557366,0
800,TCP,TCP,10.1.27.135,31.205.250.227,50181,80,19:26.9,54,345.2886772,0
801,TCP,TCP,31.205.250.227,10.1.27.135,80,50181,19:26.9,1456,345.5707201,0
802,TCP,TCP,31.205.250.227,10.1.27.135,80,50181,19:26.9,1456,345.7030232,0
803,TCP,TCP,10.1.27.135,31.205.250.227,50181,80,19:26.9,54,345.8351332,0
804,TCP,TCP,31.205.250.227,10.1.27.135,80,50180,19:26.9,1456,345.9669798,0
805,TCP,TCP,31.205.250.227,10.1.27.135,80,50180,19:26.9,1456,346.0987408,0
806,TCP,TCP,10.1.27.135,31.205.250.227,50180,80,19:26.9,54,346.3774598,0
807,TCP,TCP,31.205.250.227,10.1.27.135,80,50182,19:26.9,1456,346.5104349,0
808,TCP,TCP,10.1.27.135,31.205.250.227,50182,80,19:26.9,74,346.6413743,0
809,TCP,TCP,31.205.250.227,10.1.27.135,80,50182,19:26.9,1456,346.9211732,0
810,TCP,TCP,10.1.27.135,31.205.250.227,50182,80,19:26.9,74,347.0514847,0
811,TCP,TCP,31.205.250.227,10.1.27.135,80,50179,19:26.9,1456,347.1816432,0
812,TCP,TCP,31.205.250.227,10.1.27.135,80,50179,19:26.9,1456,347.3116139,0
813,TCP,TCP,10.1.27.135,31.205.250.227,50179,80,19:26.9,54,347.441291,0
814,TCP,TCP,31.205.250.227,10.1.27.135,80,50184,19:26.9,1456,347.7196333,0
815,TCP,TCP,31.205.250.227,10.1.27.135,80,50184,19:26.9,1456,347.9977371,0
816,TCP,TCP,10.1.27.135,31.205.250.227,50184,80,19:26.9,54,348.1267115,0
817,TCP,TCP,31.205.250.227,10.1.27.135,80,50178,19:26.9,1456,348.2520678,0
818,TCP,TCP,31.205.250.227,10.1.27.135,80,50178,19:26.9,1456,348.5326756,0
819,TCP,TCP,10.1.27.135,31.205.250.227,50178,80,19:26.9,54,348.6609182,0
820,TCP,TCP,31.205.250.227,10.1.27.135,80,50183,19:26.9,1456,348.7888359,0
821,TCP,TCP,10.1.27.135,31.205.250.227,50183,80,19:26.9,66,349.0653338,0
822,TCP,TCP,31.205.250.227,10.1.27.135,80,50181,19:26.9,1456,349.1927082,0
823,TCP,TCP,31.205.250.227,10.1.27.135,80,50181,19:26.9,1456,349.3199717,0
824,TCP,TCP,10.1.27.135,31.205.250.227,50181,80,19:26.9,54,349.5941703,0
825,TCP,TCP,31.205.250.227,10.1.27.135,80,50180,19:26.9,1456,349.7202936,0
826,TCP,TCP,31.205.250.227,10.1.27.135,80,50180,19:26.9,1456,349.9975405,0
827,TCP,TCP,10.1.27.135,31.205.250.227,50180,80,19:26.9,54,350.1224537,0
828,TCP,TCP,31.205.250.227,10.1.27.135,80,50182,19:26.9,1456,350.3225498,0
829,TCP,TCP,10.1.27.135,31.205.250.227,50182,80,19:26.9,74,350.5226386,0
830,TCP,TCP,31.205.250.227,10.1.27.135,80,50182,19:26.9,1456,350.5738519,0
831,TCP,TCP,10.1.27.135,31.205.250.227,50182,80,19:26.9,66,350.8476617,0
832,TCP,TCP,31.205.250.227,10.1.27.135,80,50179,19:26.9,1456,350.9727091,0
833,TCP,TCP,31.205.250.227,10.1.27.135,80,50179,19:26.9,1456,351.1702759,0
834,TCP,TCP,10.1.27.135,31.205.250.227,50179,80,19:26.9,54,351.3705554,0
835,TCP,TCP,31.205.250.227,10.1.27.135,80,50184,19:26.9,1456,351.4948622,0
836,TCP,TCP,31.205.250.227,10.1.27.135,80,50184,19:26.9,1456,351.6931966,0
837,TCP,TCP,10.1.27.135,31.205.250.227,50184,80,19:26.9,54,351.9651908,0
838,TCP,TCP,31.205.250.227,10.1.27.135,80,50181,19:26.9,1456,352.0888313,0
839,TCP,TCP,31.205.250.227,10.1.27.135,80,50181,19:26.9,1456,352.3604914,0
840,TCP,TCP,10.1.27.135,31.205.250.227,50181,80,19:26.9,54,352.4835374,0
841,TCP,TCP,31.205.250.227,10.1.27.135,80,50177,19:26.9,1456,352.6046494,0
842,TCP,TCP,10.1.27.135,31.205.250.227,50177,80,19:26.9,66,352.728974,0
843,TCP,TCP,31.205.250.227,10.1.27.135,80,50177,19:26.9,1456,352.7037112,0
844,TCP,TCP,10.1.27.135,31.205.250.227,50177,80,19:26.9,66,352.8260756,0
845,TCP,TCP,31.205.250.227,10.1.27.135,80,50183,19:26.9,1456,352.9481999,0
846,TCP,TCP,10.1.27.135,31.205.250.227,50183,80,19:26.9,54,353.0701549,0
847,TCP,TCP,31.205.250.227,10.1.27.135,80,50178,19:26.9,1456,353.1919762,0
848,TCP,TCP,31.205.250.227,10.1.27.135,80,50178,19:26.9,1456,353.3134886,0
849,TCP,TCP,10.1.27.135,31.205.250.227,50178,80,19:26.9,54,353.5824385,0
850,TCP,TCP,31.205.250.227,10.1.27.135,80,50180,19:26.9,1456,353.703508,0
851,TCP,TCP,31.205.250.227,10.1.27.135,80,50180,19:26.9,1456,353.9719236,0
852,TCP,TCP,10.1.27.135,31.205.250.227,50180,80,19:26.9,54,354.0925173,0
853,TCP,TCP,31.205.250.227,10.1.27.135,80,50179,19:26.9,1456,354.2129802,0
854,TCP,TCP,31.205.250.227,10.1.27.135,80,50179,19:26.9,1456,354.480555,0
855,TCP,TCP,10.1.27.135,31.205.250.227,50179,80,19:26.9,54,354.7480475,0
856,TCP,TCP,31.205.250.227,10.1.27.135,80,50182,19:26.9,1456,354.8672041,0
857,TCP,TCP,10.1.27.135,31.205.250.227,50182,80,19:26.9,54,354.987144,0
858,TCP,TCP,31.205.250.227,10.1.27.135,80,50181,19:26.9,1456,355.1063946,0
859,TCP,TCP,31.205.250.227,10.1.27.135,80,50181,19:26.9,1456,355.3727457,0
860,TCP,TCP,10.1.27.135,31.205.250.227,50181,80,19:26.9,54,355.4915984,0
861,TCP,TCP,31.205.250.227,10.1.27.135,80,50184,19:26.9,1456,355.6102193,0
862,TCP,TCP,31.205.250.227,10.1.27.135,80,50184,19:26.9,1456,355.7285039,0
863,TCP,TCP,10.1.27.135,31.205.250.227,50184,80,19:26.9,54,355.9938964,0
864,TCP,TCP,31.205.250.227,10.1.27.135,80,50177,19:26.9,1456,356.1118221,0
865,TCP,TCP,10.1.27.135,31.205.250.227,50177,80,19:26.9,66,356.2295879,0
866,TCP,TCP,31.205.250.227,10.1.27.135,80,50177,19:26.9,1456,356.494156,0
867,TCP,TCP,10.1.27.135,31.205.250.227,50177,80,19:26.9,54,356.4644672,0
868,TCP,TCP,31.205.250.227,10.1.27.135,80,50180,19:26.9,1456,356.7285024,0
869,TCP,TCP,31.205.250.227,10.1.27.135,80,50180,19:26.9,1456,356.8444777,0
870,TCP,TCP,10.1.27.135,31.205.250.227,50180,80,19:26.9,54,356.9621473,0
871,TCP,TCP,31.205.250.227,10.1.27.135,80,50183,19:26.9,1456,357.2255048,0
872,TCP,TCP,31.205.250.227,10.1.27.135,80,50183,19:26.9,1456,357.3416701,0
873,TCP,TCP,10.1.27.135,31.205.250.227,50183,80,19:26.9,54,357.6045821,0
874,TCP,TCP,31.205.250.227,10.1.27.135,80,50178,19:26.9,1456,357.7203281,0
875,TCP,TCP,31.205.250.227,10.1.27.135,80,50178,19:26.9,1456,357.8359192,0
876,TCP,TCP,10.1.27.135,31.205.250.227,50178,80,19:26.9,54,358.098055,0
877,TCP,TCP,31.205.250.227,10.1.27.135,80,50179,19:26.9,1456,358.2131946,0
878,TCP,TCP,31.205.250.227,10.1.27.135,80,50179,19:26.9,1456,358.474854,0
879,TCP,TCP,10.1.27.135,31.205.250.227,50179,80,19:26.9,54,358.5891256,0
880,TCP,TCP,31.205.250.227,10.1.27.135,80,50181,19:26.9,1456,358.7040468,0
881,TCP,TCP,31.205.250.227,10.1.27.135,80,50181,19:26.9,1456,358.9649363,0
882,TCP,TCP,10.1.27.135,31.205.250.227,50181,80,19:26.9,54,359.0772147,0
883,TCP,TCP,31.205.250.227,10.1.27.135,80,50184,19:26.9,1456,359.1928621,0
884,TCP,TCP,31.205.250.227,10.1.27.135,80,50184,19:26.9,1456,359.4530205,0
885,TCP,TCP,10.1.27.135,31.205.250.227,50184,80,19:26.9,54,359.5664813,0
886,TCP,TCP,31.205.250.227,10.1.27.135,80,50180,19:26.9,1456,359.6793744,0
887,TCP,TCP,31.205.250.227,10.1.27.135,80,50180,19:26.9,1456,359.8656209,0
888,TCP,TCP,10.1.27.135,31.205.250.227,50180,80,19:26.9,54,360.0516056,0
889,TCP,TCP,31.205.250.227,10.1.27.135,80,50182,19:26.9,1456,360.2373983,0
890,TCP,TCP,31.205.250.227,10.1.27.135,80,50177,19:26.9,1456,360.4229647,0
891,TCP,TCP,31.205.250.227,10.1.27.135,80,50177,19:26.9,1456,360.5351432,0
892,TCP,TCP,10.1.27.135,31.205.250.227,50177,80,19:26.9,54,360.7933506,0
893,TCP,TCP,31.205.250.227,10.1.27.135,80,50183,19:26.9,1456,360.9051621,0
894,TCP,TCP,31.205.250.227,10.1.27.135,80,50178,19:26.9,1456,361.0898344,0
895,TCP,TCP,31.205.250.227,10.1.27.135,80,50178,19:26.9,1456,361.2742477,0
896,TCP,TCP,10.1.27.135,31.205.250.227,50178,80,19:26.9,54,361.5315987,0
897,TCP,TCP,31.205.250.227,10.1.27.135,80,50179,19:26.9,1456,361.6421599,0
898,TCP,TCP,31.205.250.227,10.1.27.135,80,50179,19:26.9,1456,361.8990849,0
899,TCP,TCP,10.1.27.135,31.205.250.227,50179,80,19:26.9,54,362.0094584,0
900,TCP,TCP,31.205.250.227,10.1.27.135,80,50181,19:26.9,1456,362.265924,0
901,TCP,TCP,31.205.250.227,10.1.27.135,80,50181,19:26.9,1456,362.3759028,0
902,TCP,TCP,10.1.27.135,31.205.250.227,50181,80,19:26.9,54,362.6318758,0
903,TCP,TCP,31.205.250.227,10.1.27.135,80,50180,19:26.9,1456,362.7414616,0
904,TCP,TCP,31.205.250.227,10.1.27.135,80,50180,19:26.9,1456,362.703771,0
905,TCP,TCP,10.1.27.135,31.205.250.227,50180,80,19:26.9,54,362.8131824,0
906,TCP,TCP,31.205.250.227,10.1.27.135,80,50184,19:26.9,1456,362.9233886,0
907,TCP,TCP,31.205.250.227,10.1.27.135,80,50184,19:26.9,1456,363.1781143,0
908,TCP,TCP,10.1.27.135,31.205.250.227,50184,80,19:26.9,54,363.2867875,0
909,TCP,TCP,31.205.250.227,10.1.27.135,80,50178,19:26.9,1456,363.5409917,0
910,TCP,TCP,31.205.250.227,10.1.27.135,80,50178,19:26.9,1456,363.7950614,0
911,TCP,TCP,10.1.27.135,31.205.250.227,50178,80,19:26.9,54,363.9031009,0
912,TCP,TCP,31.205.250.227,10.1.27.135,80,50179,19:26.9,1456,364.0109675,0
913,TCP,TCP,31.205.250.227,10.1.27.135,80,50179,19:26.9,1456,364.118627,0
914,TCP,TCP,10.1.27.135,31.205.250.227,50179,80,19:26.9,54,364.3717548,0
915,TCP,TCP,31.205.250.227,10.1.27.135,80,50181,19:26.9,1456,364.4791355,0
916,TCP,TCP,31.205.250.227,10.1.27.135,80,50181,19:26.9,1456,364.7317125,0
917,TCP,TCP,10.1.27.135,31.205.250.227,50181,80,19:26.9,54,364.838643,0
918,TCP,TCP,31.205.250.227,10.1.27.135,80,50180,19:26.9,1456,364.9449187,0
919,TCP,TCP,31.205.250.227,10.1.27.135,80,50180,19:26.9,1456,365.0517509,0
920,TCP,TCP,10.1.27.135,31.205.250.227,50180,80,19:26.9,54,365.1580332,0
921,TCP,TCP,31.205.250.227,10.1.27.135,80,50177,19:26.9,1456,365.1191107,0
922,TCP,TCP,31.205.250.227,10.1.27.135,80,50183,19:26.9,1456,365.224266,0
923,TCP,TCP,10.1.27.135,31.205.250.227,50183,80,19:26.9,54,365.33115,0
924,TCP,TCP,31.205.250.227,10.1.27.135,80,50182,19:26.9,1456,365.291992,0
925,TCP,TCP,10.1.27.135,31.205.250.227,50182,80,19:26.9,54,365.3976475,0
926,TCP,TCP,31.205.250.227,10.1.27.135,80,50182,19:26.9,1456,365.5031014,0
927,TCP,TCP,31.205.250.227,10.1.27.135,80,50184,19:26.9,1456,365.6064977,0
928,TCP,TCP,31.205.250.227,10.1.27.135,80,50184,19:26.9,1456,365.7136122,0
929,TCP,TCP,10.1.27.135,31.205.250.227,50184,80,19:26.9,54,365.8184981,0
930,TCP,TCP,31.205.250.227,10.1.27.135,80,50177,19:26.9,1456,365.923493,0
931,TCP,TCP,10.1.27.135,31.205.250.227,50177,80,19:26.9,54,366.1724809,0
932,TCP,TCP,31.205.250.227,10.1.27.135,80,50181,19:26.9,1456,366.2769356,0
933,TCP,TCP,31.205.250.227,10.1.27.135,80,50181,19:26.9,1456,366.5254557,0
934,TCP,TCP,10.1.27.135,31.205.250.227,50181,80,19:26.9,54,366.6295093,0
935,TCP,TCP,31.205.250.227,10.1.27.135,80,50178,19:26.9,1456,366.877666,0
936,TCP,TCP,31.205.250.227,10.1.27.135,80,50178,19:26.9,1456,367.1255931,0
937,TCP,TCP,10.1.27.135,31.205.250.227,50178,80,19:26.9,54,367.2289429,0
938,TCP,TCP,31.205.250.227,10.1.27.135,80,50179,19:26.9,1456,367.4764742,0
939,TCP,TCP,31.205.250.227,10.1.27.135,80,50179,19:26.9,1456,367.5794954,0
940,TCP,TCP,10.1.27.135,31.205.250.227,50179,80,19:26.9,54,367.8265293,0
941,TCP,TCP,31.205.250.227,10.1.27.135,80,50180,19:26.9,1456,367.9291206,0
942,TCP,TCP,31.205.250.227,10.1.27.135,80,50180,19:26.9,1456,368.0315854,0
943,TCP,TCP,10.1.27.135,31.205.250.227,50180,80,19:26.9,54,368.2779927,0
944,TCP,TCP,31.205.250.227,10.1.27.135,80,50183,19:26.9,1456,368.3076584,0
945,TCP,TCP,31.205.250.227,10.1.27.135,80,50177,19:26.9,1456,368.4095042,0
946,TCP,TCP,31.205.250.227,10.1.27.135,80,50184,19:26.9,1456,368.5113278,0
947,TCP,TCP,31.205.250.227,10.1.27.135,80,50184,19:26.9,1456,368.6848439,0
948,TCP,TCP,10.1.27.135,31.205.250.227,50184,80,19:26.9,54,368.8581911,0
949,TCP,TCP,31.205.250.227,10.1.27.135,80,50181,19:26.9,1456,369.0312671,0
950,TCP,TCP,31.205.250.227,10.1.27.135,80,50181,19:26.9,1456,369.1323143,0
951,TCP,TCP,10.1.27.135,31.205.250.227,50181,80,19:26.9,54,369.3050969,0
952,DNS,UDP,10.1.27.254,10.1.27.135,53,62002,19:26.9,82,369.4776094,0
953,TCP,TCP,31.205.250.227,10.1.27.135,80,50179,19:27.0,1456,369.649989,0
954,TCP,TCP,31.205.250.227,10.1.27.135,80,50179,19:27.0,1456,369.8755993,0
955,TCP,TCP,10.1.27.135,31.205.250.227,50179,80,19:27.0,54,370.1186238,0
956,TCP,TCP,31.205.250.227,10.1.27.135,80,50178,19:27.0,1456,370.2192741,0
957,TCP,TCP,31.205.250.227,10.1.27.135,80,50178,19:27.0,1456,370.462702,0
958,TCP,TCP,10.1.27.135,31.205.250.227,50178,80,19:27.0,54,370.705941,0
959,TCP,TCP,31.205.250.227,10.1.27.135,80,50182,19:27.0,1456,370.8050926,0
960,TCP,TCP,10.1.27.135,31.205.250.227,50182,80,19:27.0,54,371.0479504,0
961,TCP,TCP,31.205.250.227,10.1.27.135,80,50180,19:27.0,1456,371.146756,0
962,TCP,TCP,31.205.250.227,10.1.27.135,80,50180,19:27.0,1456,371.3891653,0
963,TCP,TCP,10.1.27.135,31.205.250.227,50180,80,19:27.0,54,371.4876265,0
964,TCP,TCP,31.205.250.227,10.1.27.135,80,50181,19:27.0,1456,371.7296229,0
965,TCP,TCP,31.205.250.227,10.1.27.135,80,50181,19:27.0,1456,371.8277069,0
966,TCP,TCP,10.1.27.135,31.205.250.227,50181,80,19:27.0,54,372.0681982,0
967,TCP,TCP,31.205.250.227,10.1.27.135,80,50183,19:27.0,1456,372.1669657,0
968,TCP,TCP,10.1.27.135,31.205.250.227,50183,80,19:27.0,54,372.2645233,0
969,TCP,TCP,31.205.250.227,10.1.27.135,80,50177,19:27.0,1456,372.3619306,0
970,TCP,TCP,10.1.27.135,31.205.250.227,50177,80,19:27.0,54,372.4591537,0
971,TCP,TCP,31.205.250.227,10.1.27.135,80,50182,19:27.0,1456,372.4129743,0
